,names,roaster,roast,loc_country,origin_,100g_USD,rating
0,“Sweety” Espresso Blend,A.R.C.,Medium-Light,Hong Kong,Panama,14.32,95.0
1,Flora Blend Espresso,,,,Africa,9.05,94.0
2,Ethiopia Shakiso Mormora,Revel Coffee,,United States,Guji Zone,4.7,92.0
3,Ethiopia Suke Quto,Roast House,,,,4.19,
4,Ethiopia Gedeb Halo Beriti,Big Creek Coffee Roasters,Medium,,Gedeb District,4.85,
5,Ethiopia Kayon Mountain,Red Rooster Coffee Roaster,Light,,Odo Shakiso District,5.14,93.0
6,Ethiopia Gelgelu Natural Organic,Willoughby's Coffee & Tea,,,Yirgacheffe Growing Region,3.97,
7,Ethiopia Hambela Alaka,Black Oak Coffee Roasters,,,Hambela Wamena District,,
8,Organic Ethiopia Kirite,Wonderstate Coffee,,,Hambela District,5.29,
9,Ethiopia Sidama,Reunion Island Coffee,,Canada,Sidama (Also Sidamo) Growing Region,3.76,
10,Thiriku AA Kenya,PT's Coffee Roasting,,,Central Kenya,7.2,
11,Ethiopia Natural Yirgacheffe Tore,Kakalove Cafe,,Taiwan,Tore Village,3.89,
12,Direct Fair Trade Espresso,Level Ground Trading,,,,2.82,
13,Decaf Ethiopia Sidamo,Old Soul Co.,,,,5.73,90.0
14,Ethiopia Yirgacheffe Washed G1,,,,,6.87,
15,Ethiopia Yirgacheffe Natural G1,,,,,,91.0
16,“Fruity” Espresso Blend,,,,Ethiopia,11.45,
17,Decaf Colombia Select,Bootstrap Coffee Roasters,,,Colombia,4.41,87.0
18,Ethiopia Awassa,Paradise Roasters,,,Yirgacheffe,5.28,
19,100% Kona SL-28,Hula Daddy Kona Coffee,,Hawai'i,Holualoa,33.05,97.0
20,Kenya Kirinyaga Mukangu AB,,,,Kirinyaga District,4.6,
21,Kenya Nyeri Othaya Gatugi Red Cherry Project AA,Jackrabbit Java,Medium-Dark,,Nyeri Growing Region,,
22,Ethiopia Washed Yirgacheffe Adado,,,,,,
23,Outbound Espresso,Propeller Coffee,,,Mexico,3.98,
24,Ace Espresso,,,,,,
25,Kenya Mutungati,,,,Nakuru Province,4.65,
26,Guatemala El Retiro del Quisaya,Chocolate Fish Coffee Roasters,,,San Martin Jilotepeque,5.58,
27,Kenya Peaberry Kericho County,Caffe Luxxe,,,Kericho County,5.88,
28,Static El Salvador Finca Maria Luisa,Espresso Republic,,,Santa Rosa,3.5,89.0
29,Kamwangi Kenya,Lexington Coffee Roasters,,,Gichugu Division,5.86,
30,Ethiopia Gelana Abaya,,,,,,
31,Ethiopia Bishan Fugu,Noble Coffee Roasting,,,,,
32,Sustainable Harvest Homacho Waeno Natural,Red E Café,,,Aleta Wondo,,
33,Ethiopia Amaro Gayo Natural,Ben's Beans,,,,4.98,
34,Static Colombia Decaf Midnight,,,,Huila,,
35,Diima #9 Ethiopia Natural,,,,,7.35,
36,Sweet Holiday Blend,,,,,,
37,DR Congo Virunga Organic,Speckled Ax,,,Kirumba,5.0,
38,Holiday Blend,Fumi Coffee,,,,9.7,
39,Kenya Thaitu,Good Folks Coffee,,,Nakuru County,6.47,
40,Yule Blend 2018,Flight Coffee Co.,,,,,
41,Los Congos Pacamara Honey,Dragonfly Coffee Roasters,,,Nueva Segovia Growing Region,,
42,Coffea Diversa Costa Rica Sudan Rume,OQ Coffee Co.,,,Biolley,12.35,
43,Ethiopia Banko Gotiti Natural G1,Green Stone Coffee,,,Kochere,8.44,
44,Panama Auromar Geisha Natural,,,,Piedra Candela,16.17,96.0
45,El Salvador Finca Kilimanjaro,Bird Rock Coffee Roasters,,,Santa Ana Department,,
46,Panama Elida Green Tip Gesha Natural,Equator Coffees & Teas,,,Boquete Growing Region,32.63,
47,Gikanda Kenya,JBC Coffee Roasters,,,South-Central Kenya,5.66,
48,Panama Don Julian Pacamara,,,,Horcheta,11.02,
49,100% Kona Bourbon Pointu Laurina,,,,,19.82,
50,Kenya AB Muchoki,Klatch Coffee,,,,,
51,Colombia Nariño Duende,,,,Narino Department,,
52,Geisha Panama Santamaria Natural,Campos Coffee,,Australia,Paso Ancho,16.56,
53,Estate Medium Roast,Ka'u Specialty Coffee,,,Ka'U Growing Region,13.0,
54,Ethiopia Holy Grail Natural Yirgacheffe,Simon Hsieh’s Aroma Roast Coffees,,,,17.7,
55,Kenya Karinga,Amavida Coffee Roasters,,,Gatundu,8.8,
56,Thailand Doi Pangkhon Espresso,,,,Doi Pangkhon Growing Region,,
57,Ulos Batak Sumatra,,,,Northern Sumatra,5.57,
58,Gaitania Colombia,,,,Southern Tolima Department,4.63,
59,Blue Label La Esmeralda Porton Pascua Gesha,,,,,26.46,
60,Auromar Gesha Natural,,,,,17.64,
61,Haraz Special Red Yemen,,,,Haraz Growing Region,12.13,
62,“Naturals”,Hala Tree Kona Coffee,,,Captain Cook,13.23,
63,Finca Merced Guatemala,,,,Chimaltenango Department,,
64,El Peñon Nicaragua,Barrington Coffee Roasting,,,Jinotega,,
65,Kenya Chorongi Peaberry,,,,Mukaro,,
66,Honduras Los Catadores Honey,,,,Marcala Growing Region,3.54,
67,Static Kenya Kavutiri,,,,Kiambu County,,
68,Honduras La Lesquinada Washed,,,,Copan,,
69,Kenya Gicherori,The WestBean Coffee Roasters,,,,7.05,
70,Ethiopia Yirgacheffe,Mystic Monk Coffee,,,,4.11,
71,Bufcafe Rwanda Espresso,,,,Nyamagabe District,5.07,
72,Bufcafe Rwanda,,,,,,
73,Gedeb Ethiopia,,,,,5.51,
74,Civet Yirgacheffe Sisota,"Good Chance Biotechnology, Ltd.",,,Sidamo Growing Region,90.83,
75,Civet Ethiopia Papilio Sidamo,,,,,,
76,Estate Carbonic Maceration,,,,,,
77,Ethiopia Banko Gotiti,,,,,4.99,
78,Colombia David Gomez 100% Caturra,Manzanita Roasting Company,,,Huila Department,,
79,Panama Auromar Estate Geisha Peaberry,,,,,22.49,
80,Indonesia Emerald Mandheling,,,,Gayo (Also Aceh) Growing Region,8.02,
81,Panama Finca Hartmann Geisha Natural,Temple Coffee and Tea,,,Chiriqui Province,23.81,
82,Ethiopia Reko Estate Yirgacheffe,,,,,,
83,Costa Rica Sonora Estate Venecia Natural,,,,Central Valley,6.03,
84,Mini-Me Washed Kaffa Forest,,,,,9.2,
85,Jade Espresso,Magnolia Coffee,,,Brazil And Four Other Origins,4.12,
86,Firebird Espresso,Charlotte Coffee Company,,,Brazil,,
87,Ethiopia Dumerso Light Roast,,,,,,
88,Kenya AA Karamundi,,,,,4.56,
89,Finca San Luis Colombia Espresso,,,,Tolima Department,,
90,Ethiopia Biftu Gundina Coop Espresso,,,,Agaro District,,
91,Ethiopia Natural Sidamo Papilio,,,,Sidamo (Also Sidama) Growing Region,4.25,
92,Ethiopia Banko Gotiti Natural,,,,,,
93,Peru Finca Ecológica Agua Colorada,,,,Cajamarca,,
94,Love Letters,,,,El Salvador,6.76,
95,Throwback Blend,,,,,4.04,
96,Costa Coast Blend,,,,Costa Rica,,
97,Canoe Blend,Water Avenue Coffee,,,Central America,,
98,Dead Reckoning,Corvus Coffee Roasters,,,Guatemala,,
99,Miami Winter,Per'la Specialty Roasters,,,Kenya,,
100,Wilderness Blend,,,,,,
101,Naturals With Attitude,,,,,14.11,
102,Guatemala Retiro Natural Process,Durango Coffee Company,,,,,
103,,,,,Gaitania,,
104,Rwanda Remera Kabeza,,,,Gikongoro Prefecture,,
105,Dodora Double,,,,Gedeo Zone,8.77,
106,Poas Red Honey,,,,Sabanilla De Alajuela,,
107,Lekali (Nepal),,,,Bhirkune Village,,
108,Costa Rica Tarrazu,,,,Tarrazu Growing Region,,
109,Decaf Espresso,,,,Peru,3.53,
110,Summer Night Blend Espresso,,,,,,
111,Ethiopia Reko,Java Blend Coffee Roasters,,,,3.31,
112,Sumatra Tano Batak,,,,Lintong Growing Region,,
113,Kenya Kirinyaga,Big Shoulders Coffee,,,,,
114,Ethiopia,Caffeic,,,,,
115,Ethiopia Guji Deri Korcha White Honey,,,,,3.92,
116,Congo Kivu,Grounds for Change,,,Kahale,3.34,
117,Three Queens Blend,Allegro Coffee,,,,,
118,Sumatra Mutu Batak,,,,,4.39,
119,Rwanda Bufcafe Remera,Mr. Espresso,,,,4.26,
120,Kiniyota Burundi,,,,Buhinyuza District,5.17,
121,Kona Mocca®,,,,,,
122,Ethiopia Suke Quto Honey,,,,,,
123,Ethiopia Worka Natural,,,,,,
124,Ecuador Pichincha Typica,,,,Pichincha Growing Region,6.15,
125,Kenya Ndnunduri,Greater Goods Coffee Roasters,,,,,
126,Ethiopia Gedeb Gotiti,Tico Coffee Roasters,,,,,
127,Yemen Port of Mokha Al-Durrar,,,,Al-Durrar,26.9,
129,,,,,,6.17,
130,Kenya Gura AA,Cafe Douceur,,,,6.51,
131,Finca La Maria Geisha Natural,,,,Cundinamarca Department,,
132,Ethiopia Guji Gigessa,Roasters Note,,,,,
133,Granja La Esperanza Sudan Rume Natural,,,,Valle Del Cauca Growing Region,16.53,
134,Gedeb Espresso,,,,,,
135,Gaitania Espresso,,,,,,
136,Indonesia Flores Island,,,,Flores Island,7.11,
137,Panama Baru Geisha Honey by Joseph,,,,,12.74,
138,Ethiopia Sidamo Shakiso Danbi Uddo Mulish Natural G1,Evie's Cafe,,,,4.93,
139,Panama Baru Geisha Natural by Joseph,,,,,13.45,
140,Static Indonesia Toarco Sulawesi,,,,Toraja Growing Region,,
141,Burundi Buhorwa,,,,Northern Burundi,,
142,Warrior in the Forest Blend,,,,,6.37,
143,COE Brazil Naturals 2017 Sitio Esperanza 7th place,,,,Mantiqueira De Minas Growing Region,,
144,Icamiabas Fazenda Klem Catuaí Natural,Hatch Coffee,,,Matas De Minas Growing Region,10.87,
145,Brazil Chapada Diamantina Fazenda Floresta,Soul Work Coffee,,,Chapada Diamantina Growing Region,6.61,
146,Tumba Rwanda,,,,Rwanda,,
147,Mandheling Onan Ganjang,,,,,,
148,Burundi Nemba,,,,Kayanza,,
149,Static Peru Cajamarca,,,,,,
150,,Coffee Please,,,,4.96,
151,Flight Seasonal Espresso,,,,Ethopia,,
152,Yemen Microlot,,,,Yemen,33.07,
153,Lycello by Ninety Plus,,,,,,
154,Lotus by Ninety Plus,,,,,63.93,
155,Guji Allona Ethiopia Natural,Peri Coffee,,,,,
156,Monteverde Costa Rica,Montana Coffee Traders,,,Monteverde,3.7,
157,Kenya Nyeri Gatugi Peaberry,Moore Coffee,,,,,
158,Karen J Red Bourbon,,,,,20.26,
159,Ethiopia Yirgacheffe Koke,Argyle Coffee Roasters,,,,,
160,Ka’u Oro Yeast Typica,Rusty's Hawaiian Coffee,,,,,
161,Gedeb Yirgacheffe Ethiopia,Bluebeard Coffee Roasters,,,,,
162,DR Congo FTO Bourbon SOPACDI,,,,Kalehe,,
163,Mahonda Burundi,,,,Gitega Province,,
164,Signature Hazelnut Dark Chocolate,Creation Food Co.,,,,3.4,
165,Signature Floral Orange,,,,,,
166,El Salvador,Conscious Cup Coffee Roasters,,,Chalatenango Growing Region,7.33,
167,Kiniyota Espresso,,,,,,
168,Guardian Spirit Espresso Blend,Modern Times Coffee,,,,,
169,Kenya Nyeri Rumukia Peaberry,,,,,6.83,
170,Kenya Nyeri Karuthi AA,Direct Coffee,,,,8.88,
171,El Obraje Geisha,,,,,15.43,
172,Burundi,,,,Burundi,,
173,Mirador Colombia,,,,Nariño Department,,
175,Brazil Carmo de Minas Natural,,,,Carmo De Minas Growing Region,,
176,Brazil Pulped Natural,Nook Bakery & Coffee Bar,,,Southern Minas Gerais State,5.64,
177,Minas Gerais Isaias Ferreira No. 2,Novel Coffee Roasters,,,,,
178,Brasil Ipanema Premier Cru Gold B69 Natural,Back Home Coffee,,,Sul De Minas Growing Region,5.92,
179,Brazil Fazenda São Bento,,,,,,
180,Fazenda Recreio Bourbon Pulped Natural,Auto Coffee,,,,3.19,
181,Brazil Ouro de Minas Pulped Natural,,,,Minas Gerais State,,
182,Ethiopia Natural Yirgacheffe Adado Shara,Aether Coffee,,,Ethiopia Natural Yirgacheffe Adado Shara,4.4,
183,No. 7 Espresso Blend,The Curve Coffee Roasting Co.,,,,,
184,Kenya Embu Uteuzi Jimbo,,,,Embu County,,
185,Ethiopia Dumerso,,,,,8.5,
186,Sumatra Batak Naga Saribu,,,,,3.68,
187,Replay Espresso,,,,,3.67,
188,Burundi Gaharo Hill Long Miles Coffee Project Natural,Mustard Seed Cafe,,,Kayanza Province,9.16,
189,,Novo Coffee,,,,,
190,Burundi Gahahe Washing Station Microlot Honey,Oughtred Roasting Works,,,,2.65,
191,Rwanda Cyato,,,,Nyamasheke,,
192,Rwanda Hingakawa Women’s Co-op Fair Trade,,,,Gakenke District,,
193,Uganda Kapchorwa,Oceana Coffee,,,Kapchorwa District,,
194,Burundi Gitwe Natural Bourbon,Olympia Coffee Roasting,,,,4.52,
195,Gahahe Burundi Natural,,,,,,
196,Burundi Long Miles Coffee Project Natural,,,,,9.24,
197,Long Miles Coffee Project Nkonge Hill Burundi Red Honey,,,,,5.31,
198,Tarime Tanzania,,,,Tarime District,,
199,Burundi Nkonge Hill Red Honey,,,,,,
201,Tano Batak Sumatra,,,,,5.44,
202,Flight Espresso,,,,,,
203,Zambia AAA/AA,,,,Zambia,,
204,Sumatra Batak Naga Saribu M-Plus,,,,,,
205,Ethiopia Guji Natural Dasaya G1,Small Eyes Cafe,,,,,
206,Dandelion Espresso Blend,Lin's Home Roasters,,,,8.46,
207,Choice Caramel Dried Prune,,,,,6.02,
208,Espresso Blend,Pop Coffee Works,,,,4.5,
209,Cold Brew,Barefoot Coffee Roasters,,,,0.12,
210,Brazil Fazenda Sertãozinho,,,,São Sebastião Da Grama,,
211,Natural Sidamo Twakok G1,,,,,,
212,Costa Rica Cumbres Del Poas “Perla Negra” Natural,,,,Sabanilla De Alajuela Growing Region,,
213,Ethiospro Blend,,,,,5.22,
214,Ethiopia Gede Natural,,,,Shakiso District,,
215,Gesha Village Lot #25,,,,,21.24,
216,YCFCU Banko Gotiti Coop G1,Taokas Coffee,,,,,
217,Yemen Haraaz,,,,Central Yemen,10.29,
218,Costa Rica Perla Negra,,,,,,
219,Espresso 1849 Blend,States Coffee & Mercantile,,,,,
220,Ethiopia Deri Kochoha,,,,West Guji Zone,,
221,Guatemala Finca Las Terrazas,,,,Huehuetenango Department,,
222,Suyusama Program Colombia,,,,,,
223,Static Peru Valle de Chingama Peru,,,,Cajamarca Region,4.1,
224,Static Chirinos Peru,,,,,,
225,Kenya Muranga Gondo,,,,Murang'A County,,
226,Costa Rica Esteban Zamora,,,,,,
227,Kenya,,,,,,
228,Finca El Socorro Maracaturra,PT's Coffee Roasting Co.,,,Palencia,,
229,Ethiopia Kochere Debo Washed Gellana,,,,,,
230,Guatemala Huehuetenango Miralvalle Washed,Crown & Fancy,,,Huehuetenango Growing Region,5.36,
231,Ethiopia Gotiti Natural,,,,,8.21,
232,Ethiopia Kayon Mountain Natural,,,,,,
233,Colombia Jairo Alcaraz,,,,Antoquia,,
234,Cream Tabby Espresso Blend,MoonMoon Coffee,,,,5.69,
235,Esmeralda Estate Panama Geisha,Difference Coffee,,England,,111.11,
236,Ethiopia Girma Eshetu,,,,Bita Genet District,,
237,Organic Dulce de Guatemala,,,,,3.51,
238,Karimikui Espresso,,,,,,
239,Colombia Finca La Ilusion Rosevel Ortiz Escarpeta Natural Espresso,,,,San Agustín Growing Region,,
240,Guatemala Finca El Limonar Hugo Chavez Mendez,,,,,,
241,Colombia Finca La Loma Antonio Gualguan,,,,,,
242,Granja La Esperanza Tres Dragones Natural,,,,,6.91,
243,Costa Rica Tirra Natural,,,,,,
244,Gatugi Triple,,,,,11.76,
245,Sulawesi Toarco,,,,,,
246,Ethiopia Yirgacheffe Natural Espresso,,,,,,
247,Ethiopia Yirgacheffe Natural,,,,,,
248,Guatemala Finca El General Lot ALT8 Espresso,,,,Acatenango Growing Region,,
249,Green Dolphin Blend Espresso,,,,,,
250,Brazil Conquista,Good Coffee Club,,,Bahia,,
251,Kenya AA Kirinyaga,,,,,,
252,Ethiopia Limu,,,,Limu Woreda,,
253,Ethiopia Bensa Segra Natural,,,,,,
254,Ethiopia Hambela Natural,,,,,,
256,Guatemala Huehuetenango La Garita,,,,Huehuetenango,,
257,Roba Ethiopia (Chelbessa),,,,,,
258,Ethiopia Hambela Hasam,,,,,,
259,Kenya Kabare AA,,,,,,
260,El Salvador Finca Nombre de Dios Honey,Red Rock Roasters,,,Metapan,,
261,Ethiopia Gera Limmu Oromia,,,,,,
262,Kenya Kabare Konyu,,,,,,
263,Costa Rica Francisco Ruiz,,,,,,
264,Alemu Bukato Espresso,,,,,,
265,Alemu Bukato Ethiopia,,,,,,
266,ASOPEP Colombia,,,,Planadas,,
267,,,,,,4.34,
268,Guachepelin Costa Rica,,,,,,
269,Berlina Geisha,,,,Horqueta,,
270,Karimikui Kenya,,,,,,
271,Kenya Baragwi Thimu Peaberry,,,,,,
272,Kariru Kenya,,,,,,
273,Esmeralda Estate Porton Geisha Natural,,,,,,
274,Kenya Kiambu,,,,,4.92,
275,Kenya Gatuya,,,,,,
276,,,,,Bench-Maji Zone,,
277,Kenya Gatuyaini,Evans Brothers Coffee Roasters,,,,,
278,Kenya AA Top Lot,,,,,,
279,Kenya Kainamui,Sweet Bloom Coffee Roasters,,,,,
280,Kenya Kariru PB,,,,,,
281,Organic Ethiopia Sidama Natural,Desert Sun Coffee Roasters,,,,,
282,Kenya Mwiria,,,,,,
283,Colombia Narino Excelsio,,,,,,
284,Ethiopia Washed Phoenix Special “Muse”,Simon Hsieh's Aroma Roast Coffees,,,,9.91,
285,Kenya AB Phoenix Special “Glory”,,,,,10.62,
286,Cupid Blend,709 Boutique Coffee,,,,,
287,Ethiopia Natural Phoenix Special “Andromeda” Espresso,,,,Oromia Region,14.16,
288,Kenya Ritho FCS Handege Factory AB,,,,Thika Growing Region,,
289,Ethiopia Yirgacheffe Botabaa Washed,,,,,,
290,Foxfire Espresso,Vienna Coffee Company,,,,,
291,Ethiopia Misti Valley,,,,,,
292,Ethiopia Guji,North Coast Coffee Roasting,,,,4.76,
293,Kenya Kabingara,,,,,,
294,Guatemala Huehuetenango,,,,,3.6,
295,Adanech Ethiopia Guji,Steady State Roasting Company,,,,,
296,El Salvador Loma La Gloria Black Honey,,,,El Boquerón Growing Region,,
297,,,,,,36.65,
298,Kenya Konyu,Branch Street Coffee Roasters,,,,,
299,Guatemala Finca San Gerardo,,,,Lake Amatitlán Area,,
300,Hacienda La Esmeralda Cabana Geisha Natural,,,,,,
301,Finca La Aurora Camilina Geisha,,,,,19.84,
302,Twenty Five,,,,,,
303,Kanyonyi Coffee Blend,Gorilla Conservation Coffee,,Uganda,Buhoma,3.96,
304,Costa Rica Microlot Series San Cristobal Natural,,,,Llano Bonito,,
305,La Union (Colombia),,,,,4.54,
306,Colombia Luis Alberto Montoya Antioquia,,,,Antioquia,,
307,Guatemala Octavio Lopez,,,,,,
308,Kibugu Kenya,,,,,,
309,Poseidon Blend Espresso,GK Coffee,,,,4.23,
310,Kenya Gikirima Kibugu,,,,,,
311,Kenya AA Top Gachatha,,,,,9.6,
312,Ethiopia Yirgacheffe G1 Chachale Natural,,,,,8.0,
313,Quejina Guatemala,,,,,,
314,Christmas Blend,,,,,,
315,Thanksgiving Blend,,,,,,
316,Elida Estate Geisha Natural Dragonfly Reserve,,,,,30.86,
317,Costa Rica Geisha Honey COE 2018 2nd Place,,,,,,
318,Guatemala Pacamara Natural,,,,,20.53,
319,La Providencia Guatemala Maragogype,,,,,,
320,Finca Insul Guatemala Pacamara,Augie's Coffee Roasters,,,,,
321,Cuxinales Guatemala,,,,Antigua Growing Region,,
322,Nicaragua La Benedicion Pacamara,Hale Coffee Company,,,La Providencia,5.62,
323,Nicaragua Mierisch Finca La Huella Yellow Pacamara Honey,,,,Acatenango,7.08,
324,El Salvador Finca El Cerro Pacamara Black Honey,,,,,,
325,,,,,Matagalpa Growing Region,,
326,El Salvador Finca Himalaya Pacamara,Equator Coffees,,,Apaneca,,
327,Flowery Nekisse,Ho Soo Tsai,,,,7.94,
328,Colombia El Obraje Gesha,Joe Van Gogh Coffee,,,,,
329,Holiday Sweet Blend,,,,,,
330,Camilina Geisha,,,,,,
331,Mama Cata Geisha Washed,,,,Alto Quiel,15.87,
332,Panama Finca Lerida Geisha Black Honey,,,,Jaramillo,11.75,
333,Panama Finca Lerida Geisha Washed,,,,,,
334,Wei Rong Blend,Mi's Cafe,,,,,
337,Perla del Otún,,,,,,
338,Decaf Classic Espresso,,,,,,
339,Colombia El Sauce,,,,Santander,,
340,Kiunyu Peaberry,,,,,7.64,
341,El Aguila SL28 El Salvador,,,,Santa Ana Region,,
342,Nano Challa,,,,Jimma Zone,,
343,Costa Rica Volcán Azúl Single-Origin Espresso,,,,Poás Volcano Region,6.32,
345,Select Reserve Guatemala El Aceituno “El Bonito” Microlot,,,,Jutiapa Department,,
346,Foothills Series Hambela Ethiopia,,,,Alaka District,,
347,Ethiopia Gugi,Topeca Coffee Roasters,,,,,
348,Kenya Murunga New Gatanga FCS Mukurwe Factory AB,,,,,,
349,Brazil Recreio Selectivo,,,,São Sebastião De Grama,,
350,Ethiopia WORKA,,,,,,
351,Guatemala Hunapu,,,,,,
352,Ethiopia Banko Dhadhato Washed,,,,,,
353,Kenya Rugeto Peaberry,,,,,,
354,Gayo Aceh Sumatra,,,,Aceh Growing Region,,
355,Kenya Nyeri Nudurutu Factory AB,,,,,,
356,Ethiopia Kochere Washed Saona Lot,,,,,,
357,Ethiopia Guji Natural Dasaya,,,,,,
358,Auromar Geisha Natural,,,,,,
360,Kith & Kin,,,,,,
361,El Salvador Pacamara,,,,Chalatenango,,
362,Guji Oraga Tabe,Steadfast Coffee,,,,,
363,Bombe Natural Sidama,Broadsheet Coffee,,,,,
364,Ethiopia Yirgacheffe Botabaa G1,De Clieu Coffee,,,,,
366,Ethiopia Haro Wachu,Turnstile Coffee Roasters,,,,,
367,Banco Gotete Ethiopia,,,,,,
368,Ethiopia Yirgacheffe Kochere,Blues Brew Coffee,,,,6.4,
369,ASOPAP Colombia,,,,,4.67,
371,Espresso,Doi Chaang Coffee,,,Northern Thailand,2.4,
372,Kenya Ruthaka Peaberry,Temple Coffee Roasters,,,,,
373,Ethiopia Gora Kone Sidamo,,,,,,
374,Specialty Coffee Blend Espresso,Choosy Gourmet,,,,1.77,
375,Honduras Las Flores Parainema,Café Grumpy,,,Santa Bárbara,,
376,Kivu DR Congo,,,,,4.97,
377,Ethiopia Yirgacheffe Awassa,,,,,,
378,Panama Ninety Plus Perci Lot 50,,,,,,
379,Colombia Sidra,Kaffetre,,,,,
380,Colombia Geisha,,,,,7.61,
381,Rwanda Kanzu,,,,,,
382,Ethiopia Kochere Natural,,,,,,
383,Kenya Thirikwa Single-Origin Espresso,,,,,,
384,Mocha Java Blend Fair Trade Organic,Thanksgiving Coffee Company,,,,,
385,,Origin Coffee Roasters,,,,,
386,Moonbow Decaf,,,,South America,,
387,Colombia La Guamera Honey,,,,Caldas Department,,
388,Moonbow Decaf Espresso,,,,,,
390,Rwanda Mushonyi Natural,,,,Rustiro District,,
391,Rwanda Mushonyi,,,,,,
392,Ethiopia Washed Kochere,Speedwell Coffee,,,,,
393,Feku Double,,,,,,
394,Ethiopia Tadese Yonka,Gracenote Coffee Roasters,,,,,
395,Nano Challa Ethiopia,Tandem Coffee,,,,,
396,Kenya AB,Vermont Artisan Coffee & Tea,,,,,
397,Ethiopia Hambela Natural Organic,,,,,,
398,Tanzania Ngorongoro Ridge Peaberry,,,,Arusha Region,,
399,Ecuador Los Eucaliptos,,,,Chinchipe,,
400,,,,,Pichincha Province,,
401,Ecuador Finca Carolina Fausto Romo,,,,,,
402,Geisha Pasco Oxapampa Peru,,,,Pasco Growing Region,12.09,
403,Finca Tasta Peru,,,,Satipo Province,,
404,Peru La Salina,,,,Jaén Province,,
405,Bolivia Yungas Caranavi Finca Las Alasitas Peaberry,Plat Coffee Roastery,,,Caranavi Province,12.72,
407,100% Kona Bourbon,,,,,,
408,Kona Naturals,,,,,,
409,Rwanda Rulindo Tumba,,,,Rulindo,,
410,Guatemala Quejina,,,,Region Concepción Huista,,
412,Costa Rica Las Lajas Black Honey,,,,,,
413,Eaagads Estate Kenya,,,,,,
415,Ethiopia Yirgacheffe G1,Santos Coffee,,,,3.56,
416,Kenya Karindundu AA Small Lot Reserve,,,,,,
417,Sumatra Aceh Gayo Mountain Kenawat Raisin Honey,,,,,6.8,
418,Ketiara Sumatra,,,,,,
419,Sumatra Lintong,Peach Coffee Roasters,,,,,
420,Ethiopia Natural Guji Hambela G1 Bishan Fugu,,,,,,
421,Tanzania Tarime AB,,,,Mara Growing Region,,
422,El Salvador Cerro Las Ranas Honey Espresso,,,,,2.55,
423,Blossom Single Origin Espresso,,,,Bench Maji Zone,21.58,
424,Panama Baru Geisha Black,,,,,15.58,
425,Kenya Safari AB Top,,,,Kirinyaga County,16.29,
426,No. 79 Blend Espresso,,,,,2.97,
427,Colombia Monteblanco Purple Caturra Natural,,,,Palestina Region,,
428,Brazil Para Ela Natural,,,,Campos Alto District,4.69,
430,Ethiopia Harrar,Jampot Poorock Abbey,,,Harar (Also Harrar) Growing Region Of Eastern Ethiopia,,
431,KonAroma Direct Trade Kona,,,,Kona Growing District,10.58,
432,Peru Chirinois,Wild Goose Coffee Roasters,,,San Ignacio Province,,
433,Ecuador Finca La Papaya,,,,Loja Province,6.39,
434,Peru Natural Utcubamba,,,,Utcubamba Province,,
435,Kenya Murang’a Githiga AA,,,,Muranga District,5.95,
436,Borneo Sabah Arabica,,,,Sabah State,9.96,
437,Colombia,,,,Salgar Municipality,3.82,
438,D.R. Congo Muungano Co-Op,,,,South Kivu Province,,
439,No. 6 Espresso Blend,The Curve Coffee Roasting,,,,3.47,
440,Ethiopia Sidama Shantewene,Cafe Virtuoso,,,,,
441,Kivu Belt Lot 32 Espresso,,,,Nyamasheke District,,
442,Kivu Belt Lot 32 Rwanda,,,,,,
443,Gesha Rebecca Natural,Small Eyes Café,,,,,
445,Café Granja La Esperanza Sudan Rume Natural,,,,,,
446,La Papaya Ecuador,,,,,,
447,Aponte Colombia,,,,,,
449,Boru Batak Sumatra,Notch Coffee,,,,,
450,Sumatra Gayo King Mandheling,,,,,8.38,
451,Huta Raja Natural,Giv COFFEE,,,Simalungun Regency,,
452,Sumatra Pantan Musara,,,,,,
453,ASOPCAFA Colombia,,,,,,
454,Natural Burundi Nemba,,,,,,
455,Ka’u Champagne Natural,,,,,17.59,
456,Monarch Gesha,,,,,37.04,
457,Puna Barrel-Aged,Big Island Coffee Roasters,,,Puna District,10.93,
458,Kona Peaberry,,,,Kona District,10.23,
459,Laura’s Reserve SL-28,,,,,28.2,
460,Ka’u Natural,Nine Point Coffee,,,,21.6,
461,Maui Kupa’a Orange Bourbon,,,,Kula,,
462,Honey Typica,Rusty's Hawaiian,,,,,
463,Ka’u Typica Natural,Three Chairs Specialty Turkish Coffee,,,,,
464,Estate-Grown Mamo,Greenwell Farms,,,Kealakekua,22.05,
465,Colombia Las Joyas: Fidencio Martinez Lot,Beanfruit Coffee Co.,,,,,
466,Colombia Tolima Monteverde Estate Natural Wush Wush,Dou Zhai Coffee & Roast,,,,17.07,
467,Ethiopia Oromia Guji Washed,,,,,8.53,
468,Yemen Matari,Baba Java Coffee,,,Bani Matar Growing Region,,
469,Crema de Dolce Espresso,,,,,,
470,Espresso Classico,,,,,3.81,
471,,,,,,3.99,
472,Old Crow Cuppa Joe,,,,,,
473,Ethiopia Sidamo Sasaba,,,,,,
474,Zambia Kateshi Natural Process,,,,,,
475,Ethiopia Gedeb Worka Sakaro,,,,,9.39,
476,La Belleza Colombia,,,,San Augustin,,
477,Colombia Pink Bourbon,,,,,,
478,Crystalina,,,,Caldas Growing Region,,
479,Kenya Kiambu Gititu AA,,,,Kiambu Growing Region,5.1,
480,Hawaiian Kona 100%,,,,,,
481,Guatemala Finca El General BlackLand Lot,,,,,,
482,Ninety Plus Gesha Estates JBC Custom Lot #252,,,,,43.65,
483,La Palma Y El Tucan Hero Series Colombia Sidra Lot #190,,,,,,
484,Suyusama Colombia,,,,,,
485,ASOPCAFA Espresso,,,,,,
486,Rukera Espresso,,,,,6.23,
487,Colombia Pink Bourbon El Corazon,,,,,8.82,
488,L2 Love Espresso Blend,DoDo Kaffa,,,,,
489,Guatemala-Ethiopia Espresso Blend,Dory Coffee Roasters,,,,,
490,Black Meow Blend,,,,,2.34,
491,Karibu Espresso Blend,,,,,,
492,Sun Sun Sun Sun Sun Sun Sun Sun Sun Blend,,,,,5.6,
493,Ethiopia Hambela 1 Organic Natural Alaka,SkyTop Coffee,,,,,
494,Brazil Ibicoara Chapada Diamantina Natural,,,,Ibicoara Municipality,,
495,Costa Rica Coto Brus-La Amistad,,,,Coto Brus,,
496,Karimikui AA Kenya,Collage Coffee,,,,,
497,Peru Antonio Regalado Diaz El Huyacan La Palma,,,,,,
498,Bella Carmona Guatemala,,,,,,
499,Peru Natural Jose Herrera Lot 21,,,,,,
500,Burundi Dukorerikawa Natural,,,,Bururi Growing Region,,
501,Guatemala Acatenango Washed Lot 503 Espresso,,,,,2.83,
502,The Core Espresso,Highwire Coffee Roasters,,,,,
503,Espresso Mandarina,,,,Congo,,
504,SOB Espresso,Folly Coffee Roasters,,,,,
505,Ethiopia Yirgacheffe Chelelektu Natural,,,,,,
506,Kenya Kimaruri,,,,,,
507,Zambia Kateshi Natural,,,,Northern Province,,
508,Kenya Handege,,,,,,
509,Kauai Estate Reserve Sun-Dried Typica,Kauai Coffee Company,,,Kalaheo,21.16,
510,Ecuador Loja Clara Sidra Natural Taza Dorada #2,94 Fresh Coffee,,,,9.87,
511,The Natural,,,,,,
512,Ethiopia Sidamo G4 Natural Espresso,,,,,2.56,
513,Green-Tip Geisha,Finca Las Nieves,,Mexico,Oaxaca State,,
514,Saint Helena Island Peaberry,,,,Sandy Bay Valley,44.05,
515,Philippines Sitio Naguey Natural,,,,Belis,8.36,
516,Ethiopia Guji Queen Honey,Pro Aroma Enterprise Coffee,,,,,
517,Ethiopia Civet Sidama Papilio Natural,Good Chance Biotechnology,,,,,
518,,,,,Kochere Woreda,4.82,
519,Ethiopia Washed Guji Dimtu Espresso,,,,,,
520,Barichu Double,,,,,,
521,GA 400 Espresso,,,,,,
522,Papua New Guinea Timuza,,,,Eastern Highlands,,
523,Rukera Kenya,,,,,,
524,Trilogy,,,,Asia,,
525,Kenya Kiambu Uklili AA,,,,,,
526,Ethiopia Guji Shakisso Natural Lot 24,,,,,,
527,Ethiopia Washed Yirgacheffe Nafasha Lot,,,,,,
528,La Avila SL28 El Salvador,,,,Tecapa Chinameca Growing Region,,
529,,,,,,8.66,
530,Talquezalar El Salvador,,,,La Palma,,
531,Finca Kilimanjaro Natural,,,,,7.71,
532,Finca San Antonio El Salvador,Dinwei Cafe,,,Chalatenango Department,16.7,
533,Mario Aguilar Grand Cru El Salvador,Deeper Roots Coffee,,,,,
534,José Flores El Salvador Natural,Duluth Coffee,,,,9.92,
535,Ethiopia Yirgacheffe Worka Gotiti Natural,,,,,6.34,
537,Ethiopia Natural Yirgacheffe Blue Donkey Lot,,,,,,
538,Guatemala Guayabales Single-Origin Espresso,,,,,,
539,Kenya Chania Estate,,,,,,
540,Guatemala Los Santos,,,,,,
541,Geisha Village Auction Lot #11,,,,,22.71,
542,Panama Finca Kalithea Natural Geisha,Kakalove Café,,,Chiriqui Growing Region,,
543,Panama Hacienda La Esmeralda Super Mario 6 Geisha,,,,,,
544,Panama Geisha Alto Jaramillo,,,,Alto Jaramillo,35.27,
545,Colombia Laderas del Tapias Estate Natural Geisha,CafeTaster,,,Neira,18.78,
546,Gesha Village Natural Lot #19,,,,,38.4,
547,Gesha Village 1931 Lot 27,Mudhouse Coffee Roasters,,,,,
548,Ethiopia Sidamo Gora Kone,,,,,,
549,Classic Nine Espresso,HWC Roasters,,,,4.27,
550,Kebele Village Espresso,,,,,5.03,
551,Kebele Village Ethiopia,,,,,,
552,D31 The New Life,Dante Coffee,,,,4.8,
553,Panama Finca San Sebastian,,,,,,
554,Rwanda Nyarusiza Station,,,,,,
555,Murang’a Kenya,,,,,5.5,
556,Murang’a Kenya Espresso,,,,,,
557,Coffea Diversa Cioiccie,,,,,35.23,
558,Yirgacheffe Gedeb G1 Natural,MJ Bear Coffee,,,,,
559,Guatemala San Cristobal,Foggy Hills Coffee Company,,,San Cristobal,,
560,Peru Paltachayoc,,,,Cusco Department,,
561,Ethiopia Sidama Naia Bomb Natural Vertical Reserve,Coffeebar,,,,,
562,Ethiopia Guji Uraga,Pedestrian Coffee,,,,,
563,Kenya Gakundu FCS Kamviu Wet Mill,Stereo Coffee Roasters,,,,,
564,TMC SB Blend Espresso,Tehmag Foods Corporation,,,,2.68,
565,Nayo Ovalle Guatemala,Coava Coffee Roasters,,,La Libertad,,
566,Gesha Village Lot #85 Natural,,,,,17.61,
567,Ethiopia Natural Yirgacheffe Banko Gotiti,,,,,,
568,Guatemala Washed Finca El General Pache M-Plus Espresso,,,,,,
569,Guatemala Washed Finca El General Pache,,,,,,
570,Guatemala Washed Finca El General Lot Summer End Espresso,,,,,,
571,Colombia La Esperanza Natural XO,,,,Valle De Cauca,,
572,Indonesia Sumatra Gayo Espresso,,Dark,,,,
573,Ethiopia Limu Nano Challa Lot #10,,,,,,
574,Geisha XO,,,,,,
575,Colombia Finca La Maria Geisha Natural,,,,La Mesa,32.3,
576,Cordillera del Fuego Costa Rica Anaerobic,,,,Tarrazu,,
577,Ethiopia Anaerobic,,,,Sidamo (Also Sidama),6.96,
578,Costa Rica Anaerobic,,,,,,
579,Colombia Finca El Paraiso Double Anaerobic Geisha,Lucky Cafe,,,Cauca,25.6,
580,Ethiopia Yirgacheffe Adorsi,,,,,19.2,
581,Ethiopia Sidama Naia Bombe Dry Ferment Vertical Reserve,,,,,,
582,Colombia Monteblanco Gesha Cold Fermentation,,,,,,
583,Costa Rica Brunca Finca Vista Passion Honey,,,,Brunca,,
584,Estate Grade House Blend Espresso,Hsus Cafe,,,,,
585,Chania Kenya,,,,Thika Plateau,7.04,
586,Kenya Kibirigwi Thunguri,,,,,,
587,Washed Kenya,,,,Muranga County,7.82,
588,Coffea Diversa Bourbon Rey Jamaica,,,,Jamaica,,
589,Coffea Diversa Bourbon Rey Guatemala,,,,,,
590,Colombia Huila,,,,,,
591,Panama Hacienda La Esmeralda Super Mario Geisha,,,,,69.0,
592,Tablon La Cima,Cafe Grumpy,,,,,
593,Nicaragua Finca Idealista,South Slope Coffee Roasters,,,,,
594,Ethiopia Guji Gerbicho Natural,Souvenir Coffee,,,,,
595,Panama Elida Natural Catuai,,,,,6.45,
596,Cate Natural G5,,,,Jimma Growing Region,3.2,
597,Ethiopia Yirgacheffe GR1 Bedhatu Jibicho Washed,,,,,,
598,Kenya Nyeri Othaya Gura AA,,,,,6.16,
599,Signature Blend,Q Burger,,,,1.97,
600,Ethiopia Konga Natural,,,,,,
601,Kenya Ndaroini,,,,Yeri Growing Region,,
602,Harimau Tiger Sumatra,,,,Mandheling Growing Region,5.06,
603,Gachami Kenya,,,,,,
604,Twisted V.5,,,,,,
605,Finca Santa Isabel Guatemala,,,,Santa Rosa Growing Region,,
606,Ethiopia Natural “Phoenix”,,,,,,
607,Costa Rica SL-28 Yellow Honey Espresso,,,,,18.41,
608,Burundi Washed “Crystal”,,,,Buyenzi,,
609,Ethiopia Natural Gedeb Violent Andromeda,,,,,,
610,Espresso Blend Classic No. 1,,,,Indonesia,,
611,,4 Plus Coffee,,,Oromia,9.67,
612,Panama Perci Geisha Natural,,,,Volcan,,
613,,Black & White Coffee Roasters,,,,,
614,Kenya Kiandu Peaberry,Quartet Kaffe,,,,9.12,
615,Ethiopia Idido Wegida,,,,,,
617,Ethiopia Herfusa Single Variety Natural,,,,,,
618,Mbeguka Kenya,,,,Kibugu Village,,
619,Guatemala La Folie,,,,Antigua,,
620,Ethiopia Yirgacheffe Washed,MK Coffee Roasters,,,,,
621,Costa Rica Farmer’s Project,,,,,,
622,Organic Unicorn Espresso Blend,Wheelys Cafe Taiwan,,,,5.76,
623,Guatemala Concepción Buena Vista,,,,Chimaltenango,,
624,Ethiopia Yirgacheffe Aricha G1,Chez Cafe,,,,,
625,El Salvador Las Mercedes Pacamara Honey,,,,Cerro El Tigre,,
626,Sumatra Raja Harimau Lintong Espresso,,,,,,
627,Panama Esmeralda Geisha Portón Oro Yeast,,,,,41.12,
628,Kenya Kiambu Peaberry Uklili 1904 Lot,,,,,,
629,Kenya Kiambu AB Uklili 1903 Lot,,,,,,
630,Ethiopia Natural Yirgacheffe Blue Donkey Lot #2,,,,,,
631,Ethiopia Nansebo Worka,,,,,,
632,Puna Champagne Natural Anaerobic,,,,Puna,,
633,Costa Rica Las Lajas Red Honey,,,,,,
634,Refisa Ethiopia,,,,Nensebo Woreda,4.94,
635,La Lindura Colombia,,,,Dolores,,
636,Butare Huye of Rwanda,San Francisco Bay Coffee,,,,,
637,La Finca Medina of Guatemala,,,,,,
638,Peaberry Blend,,,,Kona,,88.0
639,2019 Celebration,,,,,,
642,Winter Solstice Blend,,,,,,
643,Festivity Blend,,,,,,
644,,Detour Coffee Roasters,,,,,
645,Invincible Sun God,,,,,,
646,Wonderland Winter Solstice Holiday Blend,Open Seas Coffee,,,Nicaragua,6.72,
647,Dark Roast Holiday Blend,Peet's Coffee,,,Sumatra,,86.0
648,Ethiopia Yirgacheffe Espresso Mekuriya Gobena,,,,,,
649,Ethiopia Shakiso,Battlecreek Coffee Roasters,,,,,
650,Madagascar Yellow Bourbon Santatra Coop,,,,Madagascar,,
651,Finca La Montana Costa Rica,Press House Coffee,,,,4.03,
652,Berg Wu Championship Selection Yirgacheffe G1 Natural Lot 19/01,,,,,,
653,Ethiopia Mulegeta Sintayehu Washed,,,,,16.0,
654,Ethiopia Sidamo Bensa Asefa Dukamo Washed,,,,,,
655,Panama Esmeralda Geisha Natural,,,,,,
656,,,,,,5.81,
657,Single-Origin Espresso,Guorizi Zhai Coffee,,,,,
658,Kenya FSC AB,Black Coffee In Black Jar,,,,32.0,
660,Guatemala Acatenango Geisha,,,,,,
661,Kenya Kiambu “Summer Love”,Rotate Fun Club,,,,,
662,El Salvador Pacamara Honey,,,,,,
663,Ethiopia Sidamo,Larry's Coffee,,,,,
664,,,,,,3.22,
665,Kenya Zuri,Allegro Coffee Roasters,,,,,
666,Guatemala Dark Roast FTO,Cafe Femenino,,,Sololá,,
667,Honduras Atanacio Nolasco,3-19 Coffee,,,Santa Elena,,
668,,Joe Van Gogh,,,,,
669,Sidamo Suke Quto,Signature Reserve,,,,3.32,
670,Guatemala (from bulk bin),Cameron’s Coffee,,,,1.54,
671,,HT Traders,,,,1.47,
672,,Eight O'Clock Coffee,,,,1.49,
673,100% Guatemalan,Hill's Bros. Coffee,,,,0.99,
674,Sumatra Dark,Starbucks Coffee,,,,3.08,
675,,,,,,27.76,
676,Panama Hacienda La Esmeralda Geisha Natural Special Auction ES-N-2,Euphora Coffee,,,Boquete,45.31,
677,Lian House Blend Espresso,,,,,4.51,
678,Ethiopia Guji Uraga Wolisho Natural,,,,,,
679,Lian House Blend,,,,,,
680,Guatemala Maragogype La Providencia,,,,,,
681,El Salvador Finca El Cerro Natural,,,,Apaneca-Ilamatepec Mountain Range,,
682,Halo Hartume Espresso,,,,,5.26,
683,Tanzania AA Karatu Estate,,,,Karatu,,
684,Ethiopia Yetagesu Bulebula,,,,,,
685,Ethiopia Guji Darii Kojowa Grade 1,Cloud City Coffee,,,,,
686,Kenya Kevota Makengi,,,,,,
688,Le Roi Espresso,Vascobelo,,Belgium,,3.02,
689,Ethiopia Sidama Anaerobic,,,,Sidama (Also Sidamo) Region,,
690,Kenya Kiri Peaberry,,,,Ngiriambu District,,
691,Kenya Nyeri AA Ichuga,,,,,,
692,Wolde Hirbe Natural Espresso,,,,,5.41,
693,Hacienda La Esmeralda Geisha Panama,,,,,,
694,San Sebastian Colombia,,,,,,
695,La Coipa Peru,,,,Cajamarca Growing Region,,
696,Ethiopia Violent Andromeda Natural,,,,,,
697,Kenya Nyeri Yerihar AA Lot 1901 Espresso,,,,,,
698,Costa Rica Aris Red Honey Lot 1901 Espresso,,,,,,
699,Idido,Counter Culture Coffee,,,,,
700,Ethiopia FTO,,,,,,
701,Kenya Kiambu AB Uklili 1905 Lot,,,,Iambu Growing Region,,
702,Birambo Village DR Congo,,,,,,
703,Birambo Village DR Congo Espresso,,,,,,
704,,Jampot Poorrock Abbey,,,,,
705,Costa Rica Tarrazu Hacienda La Pradera,,,,,,
706,Honeymoon Espresso,,,,,,
707,Elida Natural Dragonfly Lot,,,,,,
708,Guatemala Maravillas,Telluride Coffee Roasters,,,Quiché,,
709,Kona Laurina Pointu,Kona Farm Direct,,,,25.2,
710,Dadaocheng Garden Blend Espresso,,,,,,
711,Kona K7,,,,,,
712,Kona SL34,,,,,,
713,Ethiopia Dimtu,,,,,,
714,Kona Double-Washed Black Rock Farm,,,,Kona Growing Region,,
715,Peru Aproselva,Lone Coffee,,,Junin,,
716,La Naranja Honduras,,,,El Socorro,,
717,Mexico FTO,,,,Motozintla De Mendoza,,
718,Ethiopia Wush Wush,,,,Sidama Growing Region,,
719,Ethiopia Hassen Ware Akrabi,Indaba Coffee Roasters,,,,,
720,Ethiopia Sidama Bombe Natural,Fire Ridge Coffee,,,,,
721,Ethiopia Adame Garbota,,,,,,
722,Rwanda Bumbogo,Tony's Coffee,,,Gakenke,,
723,Ethiopia Danse Mormora,,,,,,
724,Ethiopia Keramo Washed,Dapper & Wise,,,,,
725,Congo Boza,Ghost Town Coffee Roasters,,,Lake Kivu,4.48,
726,Kenya Muiri Estate,,,,Kiambi County,,
727,Costa Rica Luis Campos Anaerobic,,,,,,
728,Colombia Granja La Esperanza Tres Dragones,,,,,,
729,Kenya Wanjengi AA,,,,,8.48,
730,Colombia Finca La Loma Microlot,BeanFruit Coffee Co.,,,,,
731,Aged Sumatra Espresso,,,,,3.63,
732,Dukunde Kawa Rwanda,,,,Musasa,4.78,
733,Buzira Burundi Natural,,,,Murutra,5.35,
734,Ka’u Yellow Caturra Champagne Natural,,,,Ka’U Growing Region,22.0,
735,Burundi Kibingo,,,,,,
736,Rwanda Gatare Namasheke,,,,Namasheke District,,
737,Indestec El Paraiso,,,,,8.52,
738,Monteblanco Cold Fermentation Geisha,,,,,,
739,Dirty South,,,,,,
740,Ten Anniversary Blend,,,,,,
741,Seasonal Ethiopia Yirgacheffe Natural,modcup coffee,,,,,
742,Floyd Farmhouse Blend,,,,,,
743,Yemen Al-Obbarat,,,,Al-Haimah,,
744,Ecuador Quilanga Typica Yeast Fermentation,,,,Quilanga,6.75,
745,S.O. Espresso Brazil Fazenda Cachoeira Yellow Bourbon,,,,Vale De Grama,,
746,Rwanda Hingakawa Women’s Co-op,,,,,,
747,DR Congo Muungano Co-op South Kivu,,,,South Kivu,,
748,Ethiopia Natural Guji PB JackyLai Lot,,,,,,
749,Rwanda Kiroero,,,,Boneza,,
750,Kakalove Ethiopia Natural Yirgacheffe Boyrfi,,,,,,
751,Rus & Alla Ka’u,Kona Roasted,,,Ka’U,,
752,,,,,,11.73,
753,Capital Cold Brew,,,,,,
754,Colombia Finca Lord Baltimore Papayo,,,,Pitalito,,
755,Hawai’i Ka’u Typica Anaerobic Washed,,,,,,
756,Lekali Estate Reserve Nepal,,,,,,
757,"Gary & Valerie, Kona",,,,South Kona Growing Region,,
758,"Salvador, Kona",,,,,,
759,Mocha Java,,,,,,
760,Ethiopia Shantawene Washed,,,,Idamo (Also Sidama) Growing Region,,
761,Organic Suke Quto Ethiopia,,,,,,
762,Kenya Tuikit Factory AA,,,,Bungoma,,
763,Karen J Kona Red Bourbon,,,,,0.17,
764,Abu Natural Panama Geisha,,,,,20.55,
765,Sumatra Lintong Triple-Picked Reserve,,,,,,
766,Colombia Finca Las Margaritas Natural Sudan Rume,,,,,,
767,Ecuador Finca Carolina Sidra,,,,Pinchincha,,
768,Ethiopia Konga,,,,,,
769,Gesha Village Single-Variety Gesha Special Selection,,,,,,
770,DR Congo Muungano,,,,,,
771,Colombian,,,,,,
772,,,,,Nariño,,
773,Ethiopia BergWu SP Series: Wuri Red Cherries 19/EXP02,Vennel Coffee,,,,,
774,Kenya AB Top,,,,,,
775,Ka’u Giant Maragogipe,,,,,,
776,Wood Valley Single Estate Ka’u,,,,,,
777,Kona Maragogype,,,,,,
778,Organic Ethiopia Agaro-Nano Challa,,,,Agaro Gera,,
779,Kerinci Palompek Sumatra,,,,Jambi Province,5.23,
780,Guatemala Vista Al Bosque,Oak & Bond Coffee Company,,,,,
781,Session Blend,,,,,,
782,Peaberry Medium Roast,,,,North Kona Growing District,,
783,Lover’s Quarrel,Mooju Coffee,,,Bali,,85.0
784,Kenya Embu Gicherori Factory AA Top,,,,,9.28,
785,9 Bar,Fidalgo Coffee,,,,,
786,Colombia Huila Los Lagos Washed Geisha,,,,,,
787,Coffea Diversa Liberica Carbonic Maceration,,,,Biollet,,
788,Ethiopia Nano Genji #4,,,,,,
789,Red Bourbon Washed,,,,,14.55,
790,Typica Natural,,,,,,
791,Finca Kusillo Bolivia,,,,Caranavi,,
792,Nano Genji Agaro Gera,,,,,,
793,,,,,Aceh Province,,
794,Quadratic Wizard Blend,Rhetoric Coffee,,,,,
795,Colombia Nariño,,,,,,
796,Honey Peru Huabal,,,,Huabal,,
797,Kitten Q Espresso Blend,,,,,,
798,Hoyt’s Crossing,,,,,,
799,Peru Elvis Rafael Single-Origin Espresso,,,,El Diamante,,
800,Black Dragon Dark Roast,,,,,2.94,
801,Kona Classic Black Rock Farm,,,,,16.71,
802,Ethiopian Yirgacheffe Natural,,,,,,
803,Colombia Cauca At’e,,,,Paéz,,
804,,,,,Pantan Musara,,
805,Sumatra Gayo G1 Triple-Picked Lot 005,,,,,,
806,Guatemala Guaya’B Coop,,,,,,
807,Kakalove Taiwan Natural SL34 Alishan Ching-Ye Farm,,,,Alishan,11.33,
808,Nano Genji #4 Espresso,,,,,,
809,Ignacio Quintero Colombia,,,,Inza,,
812,Honduras Finca La Joya Natural,RamsHead Coffee Roasters,,,San Jose,,
813,Lone Peak Blend,,,,,,
814,Asfaw Maru Ethiopia Natural Cold Brew,,,,,1.32,
815,Ethiopia Nano Challa Cold Brew,Bonfire Coffee Company,,,,1.34,
816,Brazil Ipanema Black Edition A-41 Red Cherry,,,,Ipanema,,
817,Costa Rica Hacienda Tobosi Copey Villa Sarchi Black Honey,Atom Coffee Roasters,,,Tobosi,6.55,
818,Atom Blend,,,,,4.36,
819,Sudan Rume,,,,,,
820,Ethiopia Sidama Keramo Village,,,,,,
821,Red Bourbon Natural Exclusive Reserve,,,,,16.75,
822,Yemen,,,,,,
823,Heritage Blend,,,,,,
824,China Yunnan Natural,,,,Yunnan Province,,
825,Sweet Diary Espresso,,,,,,
826,Snowfield Espresso Blend,,,,,,
827,Karimiuki Espresso,,,,Kirinyaga,,
828,Karimiuki Kenya,,,,,,
829,Colombia San Pedro,,,,Acevedo,,
830,"DR Congo, Gera Village, SOPACDI",,,,,,
831,Colombia Buesaco,,,,,,
832,El Floral Colombia,,,,,,
833,El Salvador Geisha Natural,,,,,,
834,Colombia Pink Bourbon Honey,,,,,8.23,
835,Ethiopia Natural Guji Lot D Minor,,,,,,
836,Taiwan Natural Alishan Zhuo-Wu Farm Geisha,,,,,28.32,
837,All Rise,RND & Red Rooster Coffee Roaster,,United States And Floyd,,,
838,Rwanda Natural Musasa,,,,Central Rwanda,,
839,Nano Challa #6 Ethiopia,,,,,,
840,,,,,Ahuachapan,,
841,Costa Rica Coffea Diversa Washed Geisha,,,,,17.62,
842,Guatemala Bella Carmona,,,,,,
843,Ethiopia Yirgacheffe Kochere Debo,,,,,,
844,Ethiopia Guji Natural Water-Processed Decaf,,,,,,
845,Kilauea Volcano Champagne Natural,,,,Volcano,26.41,
846,Nicaragua La Benedicion SL28 Natural,,,,Nueva Segovia,,
847,Colombia Tolima Geisha,,,,Tolima,,
848,"Classic Blend (FTO, RFA)",,,,,6.66,
849,Galapagos La Tortuga,,,,Isla Santa Cruz And Isla San Cristóbal,,
850,South Africa Elephant Coast Estate Coffea Racemosa,,,,Kwazulu-Natal Province,35.19,
851,Titan Blend (FTO),Wheelys Café Taiwan,,,,6.08,
852,Ethiopia Guji Hambela Buku Abel Natural G1,,,,,5.77,
853,Ethiopia Haro Guta Natural,David's Nose,,,,,
854,Ethiopia Yirgacheffe Harfusa G1,,,,,5.82,
855,Kenya AA Kirinyaga Kii,,,,,,
856,Colombia Antioquia La Papaya Bourbon Chiroso,,,,Antioquia Department,,
857,Ethiopia Gatame Muka Natural,Brain Helmet,,,,,
858,Ethiopia Duromina,,,,,,
859,Ethiopia Shakiso Natural,Atomic Coffee Roasters,,,,,
860,Organic Panorama,,,,,,
861,Organic Heartstrings,,,,,,
862,Organic Ethiopia Chelbessa Danche,,,,Worka Chelbessa,,
863,Ka’u Red Caturra Peaberry,,,,Wood Valley,14.7,
864,Ka’u Red Caturra,,,,,13.82,
865,French Riviera,Cafe Arles,,,,3.91,
866,Wush Wush Ginbo Keffa Ethiopia,Equiano Coffee,,,,,
867,Burundi Karehe,Boon Boona Coffee,,,Ngozi Province,,
868,Colombia Finca El Roblar,,,,Suaza,,
869,Limu Ethiopia Natural,BLK & Bold,,,,,
870,Estelí Nicaragua,Dávila Kafe,,,Dipilto,,
871,Ethiopia Gera Estate Natural,Merge Coffee Company,,,,,
872,Ethiopia Guji Natural,Portrait Coffee,,,,,
873,Ka’u Classic Medium Roast,,,,Ka'U Growing District,9.57,
874,Safari Blend,Kahawa 1893,,,Kisii,,
875,East Fourteenth,Red Bay Coffee,,,Mbeya,,
876,Kenya Kapsakiso,RND,,,Bungoma Region,,
877,Jacmel Haiti,,,,Thiotte,,
878,Indonesian Sumatra Blend,Southeastern Roastery,,,,,
879,Colombia Huila Geisha Las Mieles,Dr. Bean's Coffee Roasters,,,,13.52,
880,Miraflores Colombia,,,,Sevilla,,
881,,Drink Coffee Do Stuff,,,,,
883,,,,,Embu,,
884,Ethiopia Duromina Agaro Gera,,,,,,
885,Ethiopia Kayon Mountain (Natural),,,,,,
886,Peru San Ignacio Calazobo Lot 2 FTO,,,,,,
887,Ethiopia Kayon Mountain (Washed),,,,,,
888,Sahara Sunrise,421 Brew House,,,,,
889,Amazon Haze,,,,,,
890,Organic Peru,Emiliani Coffee,,,,4.28,
891,Organic Sumatra,,,,Aceh,,
892,Organic Mexico,,,,Chiapas,,
893,Ethiopia Dame Dabaye,,,,,,
895,Gelena Abaya Natural,,,,,,
896,Kenya Nyeri AB Nyeshun,,,,,,
897,Ethiopia Guji Bishala,,,,,,
898,Ethiopia Wegida Natural,,,,,,
900,Olvin Valle Honduras,Triple Coffee Co.,,,Las Flores,,
901,Honduras,,,,Santa Barbara,,
902,Honduras San Vincent,,,,,,
903,Tarrazu Asocafé Canet,CofFeeling,,,,,
904,Ethiopia Sheka Kawo Kamina Natural,,,,Illubabor Zone,,
905,Black Swan Blend,,,,,,
906,Kona Champagne Natural Black Rock Farm,,,,,,
907,Guatemala Washed El General Lot SummerEnd 2020,,,,,,
908,Crescent Blend,,,,,,
911,Indonesia Lintong Mandheling,Peacock Coffee Roaster,,,,,
912,Ethiopia Sidamo Bensa Natural Single-Variety Kurume G1,,,,,9.74,
913,Costa Rica La Pastora,,,,Santa Maria De Dota,,
914,Papua New Guinea “Papa Kinne”,Lamppost Coffee Roasters,,,Purosa Village,,
915,Ethiopia Yirgacheffe Natural Farm Direct,,,,,,
916,Kenya Karatina AA 2020,,,,,,
917,Colombia San Luís Gesha,,,,,8.81,
918,Karani Kenya,,,,,,
919,Memory Lane,Nostalgia Coffee Roasters,,,,,
920,Cordillera del Fuego Costa Rica Termico,,,,,,
921,Hawai’i Kilauea Volcano Yeast Fermentation Washed,,,,,,
922,Kona Pink Honey Black Rock Farm,,,,,,
924,Playground SOE Espresso,,,,,,
925,Benti Nenqa #209 Ethiopia,,,,,,
926,Andi Sumatra,,,,,,
927,Las Gravilias Costa Rica,,,,Canton De Desamparados,,
928,Nicaragua La Huella Catuaí,,,,Matagalpa,,
929,El Salvador Santa Elena Pacamara,,,,,,
930,Guatemala Carlos Rivas,Kaldi's Coffee,,,,,
933,Mexico Mayan Village Women’s Lot,,,,Bella Vista,,
934,Honduras Finca Don Eusebio,,,,Chaguites,,
935,El Salvador Finca Las Duanas,,,,Alotepec-Metapan Region,,
936,El Salvador Las Mercedes La Avila,,,,,,
937,Guatemala El Plan Rosma,,,,,,
938,,Beachcomber Coffee,,,Honduras,4.2,
939,Heart & Soul Espresso Blend,States Coffee,,,,,
941,Ethiopia Yabitu Koba,,,,,,
943,Ethiopia Chelbessa Danche,,,,,,
944,Rhapsody of Dreams,,,,,,
945,Laura’s Reserve SL34,,,,,,
946,CBD Coffee Dark Roast,Rooster Roastery,,,,,84.0
947,Kona Pumpkin Spice Anaerobic,,,,,,
948,Taiwan Natural Medium Roast,The Formosa Coffee,,,Taiwan,,
949,Thailand Doi Pangkhon Dark Roast,,,,Doi Pangkhon,,
950,Ethiopia Reko Yirgacheffe,,,,,,
951,Colombia Asobombo Inza,,,,,,
952,Ethiopia Sidamo Natural Twakok G1,Bona Kafo Roastery,,,,7.65,
953,Panama Boquete Torre Lot #1 Geisha Honey,,,,,80.0,
954,Honduras Buenos Aires,,,,Buenos Aires,,
955,Nicaragua El Poste Pacamara,,,,,,
956,Yellow Caturra (special lot),Miranda Farms,,,,,
957,Ethiopia Natural Guji Kercha Lot Riverside,,,,,,
958,Costa Rica Yellow Honey Lot Kinka Bear,,,,,,
959,San Diego Natural,,,,,,
960,Buna Boka #1,,,,,,
961,El Jardin,,,,,,
962,Ethiopia Shantawene,Jaunt Coffee Roasters,,,,,
963,Monte Alban,,,,Oaxaca,,
964,Colombia Antioqiua,,,,,,
965,Colombia Tolima,,,,,,
966,Kenya Wachuri,,,,,,
967,Kenya Baragwi Guama AB,,,,,,
968,Kenya ARES,,,,,10.57,
969,Empress Kenya,,,,,,
970,Kenya Kiambu AB Top Lot,,,,,,
971,Kenya Kiambu Maua Lot AB,,,,,,
972,Kenya Thunguri AA,,,,,,
973,Kenya Kirinyaga Kabare Karani AA,,,,,,
974,Kenya Kirinyaga Kii,,,,,,
975,Kenya Rungeto,Steady State Roasting,,,,,
976,Kenya AA Top Gatomboya,,,,,,
977,Finca San Carlos,El Gran Café,,Guatemala,,,
978,Finca El Pintado,,,,,,
979,La Esperanza Villa Sarchi,,,,,,
980,La Esperanza Borbón,,,,,,
981,The Aurora Project,,,,,,
982,5a Sur,,,,,,
983,5a Poniente,,,,,,
984,Ethiopia Natural Guji D Minor Special Lot,,,,,,
985,2020 Savage Auction Deborah Carbonic-Macerated Natural Geisha,,,,Chiriqui,,
986,Costa Rica Cordillera del Fuego,,,,,,
987,Ethiopia Bombe Mountains,,,,Bombe Mountains,,
988,Ethiopia Guji 1 Natural Hambela Lot 215,,,,,,
989,Honduras Sergio Romero Single-Origin Espresso,,,,Corquin,,
990,Kenya Giakanja,,,,Nyeri County,,
991,Ethiopia Yirgacheffe G1 Natural Asfaw Maru,,,,,,
992,Costa Rica Termico,,,,,,
993,Finca El Jardin Guatemala,Tug Hill Artisan Roasters,,,Fraijanes Growing Region,4.59,
994,Coffea Diversa Rume Sudan Winey,,,,Suchitan,,
995,Hawai’i Puna Anaerobic Washed,,,,Puna Growing Region,,
996,Colombia Hacienda Casablanca,,,,Cundinamarca,,
997,La Union,,,,,4.64,
998,Kaguyu,,,,,,
999,Halo Hartume,,,,,,
1000,Ethiopia Dur Feres Natural,,,,,,
1001,Ethiopia “Ear Candy” Uraga Guji,Three Keys Coffee,,,,,
1002,Kenya AA Ares Phoenix Special,,,,,,
1003,“Double A Train” Kenya Kabunyeria AA,,,,,,
1004,,,,,,100.0,
1005,GW01 Finca Sophia Olympus Geisha,,,,Nueva Suiza,28.27,98.0
1006,La Esperanza Colombian Natural X.O.,,,,,,
1007,Taiwan Geisha Honey,,,,,57.28,
1008,,,,,,49.97,
1009,Hacienda La Esmeralda Buenos Aires Geisha Natural,,,,,28.66,
1010,Kenya Kirinyaga Peaberry,,,,,,
1011,Ethiopia Sidama Bona Washed G1,Singsun Coffee,,,,12.79,
1012,Ethiopia Sidama Bona Sweet Natural G1,,,,,13.67,
1013,Ethiopia Nectar Natural,MT49 Cafe,,,Djimma,,
1014,Sidama Extreme Papilio Washed,,,,,,
1015,Sidama Extreme Papilio Natural,,,,,,
1016,Finca Santa Isabel,El Gran Café ,,,Cobán Growing Region,,
1017,Panama Finca Minerva-Mirage Pacamara BOP PAC04,,,,,16.99,
1018,Tanzania Shimiligwanda,,,,Songwe Region,,
1019,,,,,,16.12,
1020,Kona Pointu Laurina,,,,,,
1021,Costa Rica Naranjo Cattleya,,,,Naranjo,,
1022,K7 Sweet Spot,,,,,,
1023,Ethiopia Natural Guji Blue-Donkey 2020,,,,,,
1024,Colombia FUDAM Nariño,,,,,,
1025,Kenya Washed Peaberry Rnyeusi,,,,Central Province,,
1026,Ethiopia COE 2nd place Washed Sidamo Rumudamo,,,,Arbegona,1.98,
1027,Ethiopia Yirgacheffe Natural Haru Suke G1,,,,Gedeo,,
1028,Finca Sophia Gesha Washed,,,,,44.09,
1029,Colombia Granja La Esperanza Java Anaerobic,,,,,,
1030,Ethiopia Guji Super-Natural Decaf Water Process,,,,,,
1031,Shantawene Ethiopia Daya Bensa Natural,,,,,,
1032,Tigesit Waqa,,,,,,
1033,Kenya AA FAQ,,,,,,
1034,Ardent Ethiopia Natural,,,,,,
1036,Holiday Coffee,,,,,,
1037,Bowstring Christmas Blend,Bridge Coffee Co.,,,,,
1038,Peru Yanesha Geisha,,,,Pasco Department,,
1039,Honduras El Retono,,,,La Paz,,
1040,Flower Queens of Africa Blend,,,,,,
1041,Umoja Organic Red Bourbon,,,,,,
1042,Ethiopia Guji Chembi,,,,,,
1043,Kenya Nyeri,,,,,,
1044,Kona Red Bourbon Anaerobic Washed Uluwehi Farm,,,,,,
1045,Wush Wush,,,,,,
1046,Kona Lactic Natural Black Rock Farm,,,,,,
1047,Ka’u Yellow Caturra Anaerobic Natural,,,,,,
1048,Organic Red Honey Ramirez Estate Microlot,Cafe Kreyol,,,Jarabacoa,,
1049,Coffea Diversa Yellow Dalle Honey,,,,,,
1050,Honey Typica Anaerobic,,,,,,
1051,Geisha,,,,,,
1052,,,,,,14.33,
1053,Natural Typica Anaerobic,,,,,,
1054,Panama Abu Natural ASD Geisha BOP GN11,,,,,33.98,
1055,Ethiopia Kochere Boji,,,,,,
1057,Thailand Omkoi Sopa’s Estate,,,,Omkoi District,,
1060,Jose Cienfuegos Mexico,,,,Veracruz,,
1061,Cual Bicicleta,,,,Marcala,,
1062,Pena Blanca Black Honey,,,,Los Planes,,
1063,La Joya,,,,,,
1064,Magic Cat Kenya Civet AFCA TOH NO.2 Gatuya Factory New Murarandia AA,,,,,,
1065,Magic Cat Civet Ethiopia Sidamo Shantwene Litchi Rose Washed,,,,,,
1066,Ethiopia Grade 1 Chelchele,,,,,,
1067,Ethiopia Natural Yirgacheffe Gr.1 Cleopatra,Simon Hsieh Aroma Roast Coffees,,,,,
1068,Taiwan Alishan Zhou-Zhu-Yuan Farm Estate Reserve Washed,,,,,,
1069,Ethiopia Keramo Zero Oxygen Natural,Theory Coffee Roasters,,,Keramo Village,24.25,
1071,Peru Chacra Don Dago,,,,Villa Rica,,
1072,Dharma Espresso Blend,,,,,,
1073,Colombia Planadas,,,,,,
1074,Ethiopia Sidama Bensa Bekele,,,,,,
1075,Guatemala Acetenango Gesha Lot 2,,,,,,
1076,Guatemala Santa Felisa Solar Eclipse Gesha Natural,,,,,17.56,
1077,Guatemala Acatenango,Sunny's Coffee,,Japan,,8.71,
1078,Kenya Gachatha AB,,,,,,
1079,Coral,Finca Tasta,,Peru,Llayla District,4.0,
1080,Zafiro,,,,,,
1081,Colombia La Esperanza Winey Natural,,,,,6.63,
1082,Costa Rica Cumbres Del Poas Anaerobic,,,,,10.02,
1084,Papua New Guinea Kenta,,,,Western Highlands Province,,
1085,Ethiopia Guji Goro Muda Washed G1,,,,,,
1086,Ethiopian Guji Ana Sora Alcoholic Natural G1,Normandy Coffee Thai Cuisine,,,,,
1087,Rum Barrel Aged Kauai Coffee,,,,,,
1088,Panama Hacienda La Esmeralda Gesha,,,,,24.69,
1089,Ethiopia Cup of Excellence Guji Natural,,,,,,
1090,Ethiopia Sidama Telamo FTO Natural,,,,,,
1091,Ethiopia Guji Laayyoo Natural,,,,,,
1092,Peru Wilmer Alarcon Mirez,,,,,,
1093,Hawai’i Ka’u Champagne Natural,,,,,,
1094,Ethiopia Natural Guji Uraga G1 Lot 20-05,,,,,,
1095,Ethiopia Honey Yirgacheffe Koke,,,,,,
1096,Ka’u Lehua Black Honey,,,,,9.52,
1097,Espresso Havana,,,,,,
1098,Taiwan Taitung Luan Mountain Valley of Tears,,,,Taitung Luan Mountain,,
1099,Thailand Robusta Panid Choosit Espresso,,,,Tha Sae,,
1100,Kenya Nyeri Muchoki Estate AA,,,,,,
1101,Thailand Robusta Panid Choosit,,,,,,
1102,Bright House Signature Coffee,Red Bean Coffee,,,Columbia,3.13,
1103,Ethiopia Uraga Dambi Uddo Wet-Fermented,,,,,,
1104,Guoxing Taiwan Coffee,,,,Sun Moon Lake,20.87,
1105,Peru El Corazon Gesha,,,,Chirinos,,
1106,Fruity Espresso Blend,NINETYs Roastery,,,,7.67,
1107,Ethiopia Yirgacheffe Cleopatra Natural,,,,,,
1108,Ethiopia Hambela Benti G1 Washed,,,,,8.32,
1109,Taiwan Alluring Scent Estate Natural,,,,,28.8,
1110,Revolution Medium Roast,Kafe 1804,,,Central Plateau,,
1111,Guatemala Sierra Roja Geisha,,,,San Cristobal Acasaguastlán,,
1112,Independence Dark Roast,,,,,,
1113,Ethiopia Yirgacheffe Dumerso G1 Natural,,,,,,
1114,Colombia Finca Potosi,,,,,,
1115,,,,,,36.81,
1116,Colombia Java El Edén Limited Edition,Brioso Coffee,,,,,
1117,Colombia Diofanor Ruiz,,,,Quindío Department,,
1118,Bright Minds,,,,San José,,
1119,Angamaza,,,,Conganama,,
1120,Colombia La Virgen Microlot,,,,Liboriana Valley,,
1121,Rayo del Sol,,,,Panchia,,
1122,Rock the House Blend,,,,,,
1123,Honduras Catuai/Bourbon,Spirit Animal Coffee,,Honduras,Tres Cruces,11.46,
1124,Ethiopia Rhapsody Espresso,One Fresh Cup,,,,,
1125,Kona Geisha Champagne Natural,,,,,66.09,
1126,Dafis Abafita Natural Ethiopia,,,,,,
1127,Berg Wu Championship Sidamo Washed G1 Lot 20-02,,,,,4.81,
1128,Ka’u Yellow Bourbon,,,,,11.64,
1129,Ethiopia Natural Hambela Wate,,,,,,
1131,Kinini Village Rwanda,,,,,,
1132,Panama Pacamara Natural,Prairie Lily Coffee,,,Volcan Growing Region,18.75,
1133,Panama Geisha,,,,,13.5,
1134,Costa Rica Cloza Estate,,,,Alajuela,,
1135,Ka’u Pink Honey,,,,Ka'U District,,
1136,Kona Maragogype Pink Honey,,,,Kainaliu,,
1137,RD1 Espresso Blend,RD Cafe,,,,,
1138,Ecuador La Hormiga “Naty”,,,,Chito,,
1139,Bull Espresso Blend,,,,,3.17,
1140,Guatemala Coffea Diversa Geisha Queen Honey,,,,,,
1141,Ethiopia Yirgacheffe Gotiti Natural,,,,,5.38,
1142,Ethiopia Demeka Becha,,,,,6.46,
1144,Rwanda Triple-Washed,,,,,,
1145,Trust the Process — Full Natural,,,,Los Naranjos,8.37,
1146,Colombia Finca El Caucho Pink Bourbon,,,,,,
1147,Colombia Antioquia Natural Carbonic Maceration Caturra,,,,,,
1148,Colombia La Gallera Estate,,,,,8.78,
1149,Colombia Pink Bourbon/Pink Lemonade Collaboration,Badbeard’s Microroastery,,,,4.18,
1150,Colombia Finca El Paraiso,,,,,8.35,
1151,Aces La Juntas,,,,Chinas,8.22,
1152,,Regent Coffee,,,,8.67,
1154,Monte Alban Mexico,,,,Yautepec/Miahuatlan,,
1155,Kimi Blend,,,,,,
1156,Guatemala Las Victorias Euphora Special Lot,,,,Fraijanes Plateau,,
1157,Kenya Kirinyaga Baragwi Karumandi AA,,,,,,
1159,Ethiopia Sidamo Washed,,,,,5.24,
1160,San Antonio Guatemala,,,,San Cristobal Cucho,,
1161,La Esperanza Colombia Estate,,,,,,
1162,,,,,San Ignacio,,
1163,Ethiopia Guji Uraga Washed,,,,,3.55,
1164,Thailand Pink Valley Natural,,,,Chiang Rai Province,,
1165,El Salvador La Guachocha,,,,Canton Lomas De San Marcelino,,
1166,El Salvador Malacara B Orange,,,,Antón Montañita,,
1167,Indonesia Golden Sumatra TP Espresso,,,,,,
1168,Kenya Gachatha,,,,,,
1169,Ethiopia Suke Quto Single-Origin Espresso,,,,,,
1170,Ethiopia Gera Limu,,,,Oromia Growing Region,,
1171,Peru Tambopata,,,,Puno,,
1172,Private Reserve Costa Rica Naranjo,,,,,4.17,
1173,Private Reserve Guatemala Medina Estate,,,,,,
1174,Panama Finca Santa Teresa Lot 9,Old World Coffee Lab,,,,,
1175,Honduro-Spro,,,,,,
1176,Guatemala Cobán Chicoj Cooperative Red Honey Fair Trade,,,,,5.12,
1177,Ethiopia Halo Hartume Daniel Mijane,,,,,,
1178,Costa Rica La Pastora Honey,,,,,,
1179,Colombia Cauca El Paraiso,SOT Coffee Roaster,,,,11.38,
1180,Taiwan Songyue Geisha,,,,Yunlin,38.02,
1181,,Wildgoose Coffee Roasters,,,,,
1182,Project Congo Muungano,,,,,,
1183,Humanitarian Grounds,,,,,,
1185,Look for the Helpers,,,,,,
1186,Nicaragua Women Producers,Sip of Hope Community Coffee Roasters,,,La Fundadora,,
1187,Josh Daniels Grateful Blend,,,,Papua New Guinea,,
1188,Ethiopia Quantit,1951 Coffee Company,,,,,
1189,#She_Builds,,,,Haiti,,
1190,Twisted V.6 Espresso,,,,,,
1191,Rwanda Sholi,,,,Muhanga District,,
1192,Addis Katema,,,,Wenango District,,
1193,Peru Jheyner Roman,,,,,,
1194,Colombia La Victoria,,,,,,
1195,Aged Sumatra Ulos Batak 2015,,,,,,
1196,Kona Uluwehi SL34,,,,,,
1197,Colombia Pink Bourbon Finca El Chaparote,,,,,8.79,
1198,Brazil Daterra Aramosa Anaerobic Honey,,,,Cerrado Growing Region,,
1199,Kona Classic Dark,,,,,,
1200,Thailand Huai Mae Liam White Honey,,,,Huai Mae Liam,,
1201,,Lina Premium Coffee,,,,,
1202,Estate Finca La Lina,,,,Risaralda Department,,
1203,Ethiopia Neja Fadil,,,,,,
1204,Congo Muungano,,,,,,
1205,Ethiopia Guji Hambela G1 Natural,RanGuo Coffee,,,,,
1206,Peru Buena Vista Valerio Almanza Ccahua,,,,Cusco,11.9,
1207,Private Reserve Ethiopia Barrel-Aged,,,,,4.58,
1209,Ethiopia Guji Hambela Buku Abel Slow Dry Natural 2400m,,,,,,
1210,Turbo Espresso,,,,,,
1211,Papua New Guinea Baroida Natural,,,,Ainantu District,,
1212,Foundry Blend,,,,,,
1213,Papua New Guinea Baroida Washed,,,,,,
1214,Papua New Guinea Baroida Honey,,,,Kainantu District,,
1215,Yemen Al Mashtal Al Burhani,,,,Haraaz Growing Region,,
1216,Reina de la Asuncion Ecuador,,,,Congonama,,
1217,Colombia Finca El Vergal Geisha/Java Natural,,,,Algeciras,,
1218,Nayamasasa Democratic Republic of the Congo,Roadmap CoffeeWorks,,,,,
1219,Colombia Chiroso Natural,,,,Caicedo,,
1221,Panama Boquete Flor De Mariposa Geisha Espresso,,,,,,
1222,Guji Ethiopia Washed,,,,,,
1223,Colombia Monteblanco Geisha,,,,,,
1224,Costa Rica Aris Red Honey Lot 2002 Espresso,,,,,,
1225,Belquis Ramirez Lemus Colombia Coffee for Peace,True Coffee Roasters,,,Cauca Department,,
1226,Asprole Blend #1 Colombia Coffee for Peace,,,,,,
1227,Ethiopia Harsu Haro Single-Origin Espresso,,,,,,
1228,Ethiopia Yirgacheffe Heyilu Butiya,Coffee By Design,,,,4.08,
1229,Sumatra Kerinci Highlands Honey,,,,Kerinci Highlands,,
1231,Guatemala Villatoro Anaerobic,,,,,,
1232,Guatemala Monja Blanca,,,,Atitlán Growing Region,,
1233,Ethiopia Wuri Washed,,,,,,
1234,Sumatra Ketiara,,,,Bebesen District,,
1235,Ethiopia Amhara Natural,,,,Amhara Region,,
1236,,,,,,38.58,
1237,Panama Elida Green-Tip Geisha La Torre ASD,,,,,,
1239,Panama Finca Los Lajones Natural,,,,,,
1240,SL28,,,,,,
1241,Bourbon Pointu Natural,,,,,,
1242,Honey Honduras Comsa,,,,,,
1243,Honduras Los Amigos,,,,El Soccoro,,
1244,Miranda’s Farms Hawai’i Caturra,,,,,,
1245,Uganda Utz Sipi Falls,Islamorada Coffee Roasters,,,Sipi Falls,,
1246,Kenya Washed Nakuru Gachombe Factory AB,,,,,,
1247,Ethiopia Natural Guji Hambella Wate Peaberry,,,,,,
1248,Ethiopia Guji Shakiso Dambi Udo Natural Anaerobic,,,,,,
1249,Ethiopia Natural Guji,,,,,,
1250,Costa Rica Yellow Honey Kinka Bear Lot 20-02,,,,,,
1251,Ethiopia Guji Shakiso Dambi Udo Honey,,,,,,
1252,Kenya Washed Nyeri Gichathaini Factory AB,,,,,5.52,
1254,Karatina Kenya,,,,,,
1255,Cerro Azul Geisha,,,,Trujillo,,
1256,Kona SL34 Sweet Spot,,,,,25.17,
1257,Haraaz Red,,,,,7.72,
1258,,,,,Nariño Region,,
1259,Private Reserve Colombia Antioquia,,,,,,
1260,Las Brisas Colombia,,,,Paez Region,,
1261,Private Reserve Rwanda Huye,,,,Huye District,,
1262,Ethiopia Sidamo G2 Washed,Cheer Beans,,,,,
1263,Private Reserve Panama La Huaca,,,,Renacimiento District,,
1264,Costa Rica Gesha Tobosi Natural,,,,El Guarco,,
1265,Kenya Kiambu Kiriga AA,,,,,,
1266,Guatemala Coban Finca Valmar,,,,Coban,,
1267,Colombia Caldas Finca Villa Clara Supremo,,,,Caldas,3.52,
1268,The World Espresso Blend,,,,,2.2,
1269,Ethiopia Sidamo Euphora Special Lot,,,,,,
1270,Finca Lerida Gesha Natural,,,,,,
1271,Ethiopia Guji Uraga Yabitu,,,,,9.22,
1272,Ethiopia Guji Hambela Dabaye,,,,,,
1273,Ethiopia Dry-Process Guji Hambela,,,,,,
1274,Ethiopia Dry-Process Benti Nenka,,,,,,
1275,Papua New Guinea Tsekaka,,,,Banz,,
1276,Kona Maragogype Natural,,,,,,
1277,Thung Chang Robusta Honey Espresso,,,,Nan Province,,
1278,Thung Chang Robusta Honey,,,,,,
1279,Colombia Jorge Eli Dussan,,,,,,
1280,Ethiopia Kochere G1,,,,,,
1281,Ethiopia Limu Washed,Jade Cafe,,,,,
1282,Life in Dihua Street Espresso Blend,,,,,,
1283,Colombia Huila Acevedo El Paraiso,Big Shoulders Coffee ,,,,,
1284,100% Organic Specialty Arabica,Colibrije Specialty Coffee,,,Chiapas State,,
1285,Love of Desolate,Desolate Cafe,,,Los Angeles,,
1286,Blend No.7 Berrichee,,,,,,
1287,Ethiopia Niguse Gemeda Mude Natural,,,,Hayisa Village,12.69,
1288,Rwanda Nyamagabe Kigeme Lot #4,,,,,,
1289,Ethiopia Guji Wush Wush Anaerobic Natural,,,,,7.89,
1290,Ethiopia Guji Wush Wush,,,,,,
1291,Tres Dragones Colombia,,,,Caicedonia,,
1292,Panama Elida Estate Catuaí Natural ASD,,,,,7.27,
1293,Ethiopia Guji Natural Anaerobic Wush Wush G1,,,,,,
1294,Peru Yanesha Geisha Double-Anaerobic,,,,,,
1295,Elida Natural ASD (Panama),Geisha Coffee Roaster,,,,3.25,
1296,Ethiopia Oromia Anaerobic Natural,,,,,,
1297,Villa Loyola Carbonic Maceration,,,,Pasto,,
1298,Castillo El Paraiso,,,,,,
1299,Ethiopia Yirgacheffe Israel Degfa Natural Gr.1,,,,Yirgachefffe Growing Region,,
1300,Sweet Collection Blend,,,,,,
1301,Kenya Nyeri Gachatha Washed AB,,,,,,
1302,Rwanda Natural Rutsiro Bugoyi 60-hour Fermentation,,,,Rutsiro,,
1303,Ethiopia Yirgacheffe G1 Mulugeta Tsige,,,,,,
1304,Kenya AA Top Gathambi Station,,,,,,
1305,Ethiopia Guji Gerba Station G1 Natural Espresso,,,,Gerbicho Rogicha,,
1306,Ethiopia Uraga Washed G1,,,,,,
1307,Rwanda Nyruzisa Station,,,,,,
1308,Kenya Lenana AA Plus,,,,Mount Kenya Growing Region,,
1309,Ethiopia Sidamo Natural Water Decaf,,,,,,
1310,Grizzly Peak Blend,,,,,,
1311,Kenya Karindudu AA,,,,,,
1312,Colombia Cardona Natural,,,,,,
1313,Ethiopia Guji Anaerobic,,,,,,
1314,Maypop,,,,Risaralda,,
1315,Norte Peru,,,,,,
1316,Trivarietal,,,,,7.28,
1317,La Soledad Colombia,,,,Urrao,,
1318,Fjord Espresso Blend,Café Hubert Saint-Jean,,,,,
1319,Natural Mexico Ixhuatlan del Cafe,Ming's Coffee Playroom,,,,,
1320,Nicaragua Yellow Pacamara Natural,,,,,,
1321,Papua New Guinea Sigri Estate Medium Roast,Raggiana Coffee,,,Western Highlands,,
1322,Ethiopia West Arsi Nensebo Natural G1,,,,,,
1323,Pamma Classic Blend Espresso,Pamma Coffee,,,,2.48,
1324,Ethiopia Sidama Bona Sweet Natural,,,,Sidamo Zone,,
1325,Congo Square,,,,South Kivu Growing Region,,
1327,Tanzania Sambewe,,,,,,
1328,Rwanda Kinini Village Natural,,,,,,
1329,Tanzania Peaberry,Volcanica Coffee,,,Ngorongoro Crater Region,,
1330,Rwanda Dukunde Kawa,,,,Gakenke Growing Region,,
1331,Burundi Mikuba Honey Microlot 1,Olympia Coffee,,,Kayanza State,,
1332,Rwanda Simbi,Mamechamame Coffee,,,,7.56,
1333,Rwanda Akagera CWS Fully Washed Lot 9,,,,Nyaruguru District,3.12,
1334,Burundi Kinyovu,Valverde Coffee Roasters,,,,,
1335,Tanzania Ngila Estate SL28,,,,Ngorogoro,,
1336,Ethiopia Washed Sidama Nafasha 74158 21/01,,,,Sidama Zone,,
1337,Ethiopia Tibe Haro Uraga,,,,Uraga District,,
1338,Taiwan Natural Alishan TFU’YA Kakalove Lot,,,,,,
1339,Ethiopia Natural Guji Blue Donkey 21/01,,,,,,
1340,Gigesa Natural,,,,,,
1341,El Jocote Natural,,,,Rosario De Desamparados,,
1342,Panama Finca Santa Teresa Summer Gesha,,,,Finca Santa Teresa,25.57,
1343,Baby Dragons,,,,,,
1344,Colombia Lagoon Java Anaerobic,,,,,,
1345,Colombia La Palma y El Tucan,Le Brewlife,,,,10.67,
1346,Colombia Pink Bourbon Farmer Collaboration,,,,Pitalito-Bruselas,,
1347,Ethiopia Wush Wush G1,,,,,13.87,
1348,Jamaica Blue Mountain,,,,Blue Mountain Growing Region,30.93,
1349,Kona Maragogype Peaberry Natural,Rusty’s Hawaiian,,,,,
1350,Ecuador San José de Minas Double-Anaerobic,,,,,,
1351,Colombia Bandida Lactic Natural,,,,,,
1352,Nyeri Hill Kenya,,,,,,
1353,La Perla Chiquita Ecuador,,,,,,
1354,Pantan Musara Sumatra,,,,,,
1355,Las Flores Colombia,,,,San Isidro,,
1357,Pandemic Pacamara Blend,,,,,,
1358,Yemen Mocha Haimi,,,,Sana’A Growing Region,,
1359,Costa Rica Hacienda Tobosi Villalobos Anaerobic Natural,,,,,,
1360,Colombia Wush Wush,,,,Santander Department,,
1361,Brazil Gauriroba Natural,,,,,21.46,
1362,Rwanda “Silverback Returns”,,,,Rutsiro District,,
1363,Yemen Mocha Khulani,,,,,,
1364,Peru “El Dorado”,,,,Jaen,,
1365,Yemen Mocha Harazi,,,,,,
1366,Top Blend 2,Forest Roasting,,,,3.59,
1367,Top Blend 1,,,,,,
1368,Quattoro Mountain Blend,Japanese Coffee Co.,,,,,
1369,Brazil Ipanema Golden Edition C26 Lychee,,,,,,
1370,Ethiopia Natural Guji D Minor 21/01,,,,,,
1371,Ethiopia Hambela Yellow Honey James Selection,,,,,,
1372,Costa Rica Black Honey,,,,,,
1373,Ethiopia Guji Hambela Kudume Yellow Honey,,,,,8.96,
1375,Ethiopia Sidamo Bensa Mirado Natural,LECO Coffee,,,,,
1376,Costa Rica La Florida Red Honey Espresso,,,,Copey District,,
1377,Ethiopia Yirgacheffe Kochere Sheferaw Jigeso Beraso,EK Roast Studio,,,,,
1378,Ethiopia Yirgacheffe Botabaa Washed G1 21/01,,,,Ochere Woreda,,
1379,Colombia Vella Black Hawk Natural,,,,,,
1380,Yemen Mocca Matari,,,,,9.59,
1382,Kenya Nyeri Ndaroini AA Washed,,,,,6.68,
1383,Mojave Vault Series Geisha Natural,,,,,22.02,
1384,Colombia Black Condor,,,,Vereda,,
1385,Choco Blend,,,,,,
1386,Kabiufa Papua New Guinea,,,,Kabiufa,,
1387,Ethiopia Buku Abela,Home in Harmony,,,,,
1388,Colombia Finca Santa Maria,,,,Aratoca,,
1389,Ethiopia Nano Genji,,,,,,
1390,Fruit Candy Espresso Blend,,,,,,
1391,BNT Espresso Blend,,,,,,
1392,Haitian Blue Zombie Desert,,,,Savane Zombie,,
1393,Dominican Republic Organic Ramirez Estate,,,,,,
1394,Amasia Blend,Toca Coffee,,,,,
1395,Classic MK Blend,,,,,,
1396,Espresso Nuevo,,,,,,
1397,Red Clay Espresso Blend,,,,,,
1398,Espresso Fino,,,,,,
1399,Campfire Blend,Tribo Coffee,,,,,
1400,Bull Demon King,,,,,7.79,
1401,Golden Parrot Blend,,,,,,
1402,Chocolate Lover’s Espresso,,,,,,
1405,Tanzania Gesha Peaberry,,,,Ngorongoro,,
1407,GK Classic Manba Blend Espresso,,,,,,
1408,Nicaragua Jinotega Hacienda La Bastilla Blue Candy Natural,,,,,,
1409,Ethiopia Bench Maji Gesha Village Oma Geisha 1931 Lot 55 Natural,Taster’s Coffee,,,,21.38,
1410,Banti Nenga Hambela Wamena,,,,,,
1411,Ethiopia Guji Natural Euphora Special Lot,,,,,4.53,
1412,Phu-Long-Kong,,,,,,
1413,,Warm Air Kafe,,,,,
1414,Ethiopia Hambela G1,Mr. Chao Coffee,,,,,
1415,,,,,Valle Del Cauca Department,,
1417,Testi Ayla Double Ethiopia,,,,,16.15,
1418,Primavera Colombia Espresso,,,,,,
1420,Gigesa Ethiopia,,,,,,
1421,Guatemala Buena Vista Single-Origin Espresso,,,,,,
1423,Medina Natural,,,,,,
1424,Sadah Kuhlani Yemen,,,,Sa’Dah Governorate,11.74,
1425,Gura Kenya,,,,,,
1426,Guatemala Finca El Principito Yellow Catuai,,,,Fraijanes,,
1427,Guatemala El Mirador,Novo Coffee Roasters,,,,,
1428,Guatemala Pache,,,,,,
1429,,,,,Lake Amatitlán Region,,
1430,Guatemala Finca Granada Natural,,,,,,
1431,Acatenango Pacamara Natural,Qin Mi Coffee,,,Acatenango Valley,,
1432,Cafe Granja La Esperanza Sudan Rume,,,,,,
1433,Panama Cantar Dorado Ruisenor,Hidden Coffee HK,,,,39.0,
1434,Bolivia Finca El Arcangel,,,,,17.94,
1435,Ethiopia Guji Laayoo Natural,,,,,,
1436,Kenya Gatomboya,,,,,,
1437,Nicaragua La Bendicion Yellow Maracaturra Natural,,,,,,
1438,Kona Lactic Washed,,,,,,
1439,Ecuador Hacienda Legrand Robusta,,,,Santa Elena Province,,
1440,Glory Days,,,,,,
1441,Kenya Kamwangi,,,,,,
1443,Ethiopia Gogogu Bekaka #4,,,,,,
1444,Congo Umoja,Fresh Roasted Coffee,,,,,
1445,Tanzania Ngila Estate,,,,Ngila Estate,,
1446,Mexico Pluma Hidalgo,,,,Pluma Hidalgo,,
1448,Pluma Hidalgo Mexico,,,,,,
1449,Kenya 168,,,,,4.16,
1450,Kenya SHI,,,,,,
1451,Rwanda Abakundakawa,,,,Karongi District,,
1452,Hero Blend Espresso,Eagle Valley Coffee,,,,,
1453,House Blend,Metropolis Coffee,,,,3.69,
1454,Breakfast Blend,,,,,,
1455,El Salvador Finca Hungria,,,,,,
1456,,,,,Chiriquí,22.78,
1457,Brazil COE,,,,Vale Da Grama,7.3,
1458,Alishan Taiwan,,,,,20.22,
1459,Guatemala COE-NW#2 Sierra Roja Geisha Washed,,,,,,
1460,Guatemala La Voz,,,,San Juan La Laguna,,
1461,Guatemala El Injerto Pacamara,,,,,11.17,
1462,Guatemala Geisha,,,,El Progresso,,
1463,Ethiopia Guji (Rose Selection),,,,,,
1464,Panama Hacienda La Esmeralda Ethiopia Accessions,,,,,,
1465,,,,,Banti Nenga,,
1466,Guji Hamasho Washed,,,,,,
1467,Kona Red Wine Process,,,,,,
1468,Candelilla Geisha Natural,,,,,9.48,
1469,Kiamugumo Kenya,,,,,,
1470,Ethiopia Sidama Ardi,,,,,,
1471,Colombia Gesha,,,,,,
1472,Ethiopia Kayon Mountain Washed,,,,,,
1473,Kenya Nyeri Kiandu AA,Coffee by Design,,,,,
1475,Ethiopia Gedeb Worka Wuri,,,,,,
1476,Hung Farm,VN Beans,,,Dalat,,
1477,Brazil Peixoto Peaberry,,,,,,
1478,Ethiopia Guji Hambela Wate 74110/74112/74158 Mini Natural,Taster's Coffee,,,,,
1479,Kenya Muranga Riakiberu,,,,,,
1480,Mama Cata Mokkita,Cafe Unido,,,,23.52,
1481,Kenya Karatina,,,,,,
1482,La Reforma El Salvador Natural,,,,Calzontes Arriba,,
1483,414 Kenya SL34,,,,,1.41,
1484,Yemen Lot 106,Port of Mokha,,,Al Hayma Region,39.68,
1485,Yemen Sheba Auction Lot 1: Wadi Al Mahjr,,,,Al Mahjr,,
1486,Yemen Al Wadi,,,,Al Wadi Region,28.22,
1487,Yemen Port of Mokha Al-Jabal,Chromatic Coffee,,,Jabal Haraz,,
1488,Yemen Mokha Matari,,,,Bani Matar,,
1489,,,,,Al Hayma District,,
1490,Yemen Sana’a,,,,Sana’A Governorate,18.81,
1491,Bait Alal Community,Qima Coffee,,,,20.83,
1492,Port of Mokha Auction Lot 19: Mohamed Ahmed Al Rumaim,,,,,21.52,
1493,Peru Finca Churupampa,,,,,,
1494,Colombia La Esperanza Potosí Anaerobic Process,,,,,,
1495,Honduras Finca Las Moras Parainema Yellow Honey,,,,Siguatepeque,,
1496,Blossom Blend Espresso,,,,,,
1497,Ethiopia Guji Shakisso Mormora Estate Natural,,,,,,
1498,Ethiopia Natural Guji Sweet Lady,,,,,,
1499,Taster’s Blend No. 4,,,,,,
1500,Strawberry Forest,,,,,,
1501,Kona Medium Roast,Kona Love Coffee Co.,,,,,
1502,Kona Medium-Dark Roast,,,,,,
1503,Ethiopia Yirgacheffe Washed Banko Gotiti 3,,,,,,
1504,Guatemala Finca El General Slow Dry 6,,,,,,
1505,Acatenango Santa Felisa Wild Yeast Natural Sudan Rume Full Moon Lot 4,,,,,,
1506,Ethiopia Natural Guji Hambela SASA Lot 10,,,,,,
1507,Kenya Gachatha Nyeri AA,,,,,,
1508,Ethiopia Super Wush,,,,Sama,,
1509,Ethiopia Worka Sakaro Anaerobic Natural,,,,,,
1510,Organic Floyd Farmhouse Blend,,,,,,
1511,Kenya Athena AB Espresso,,,,,12.04,
1512,Colombia La Esperanza Anaerobic,,,,,,
1513,Ethiopia Gogogu Bekaka #1,,,,Uraga,,
1514,Kenya Gichathaini,,,,Mathira West District,,
1515,SGG Ethiopia Sidamo G2,,,,,,
1516,Elida Estate Dragonfly Catuai Lot 13,,,,,,
1517,Ethiopia Kochere Hama Jet Washing Station,,,,,,
1518,Banko Gotiti Natural,,,,,,
1519,Elida Estate ASD Natural Catuai 15,,,,,,
1520,Ethiopia Guji Sakicha JH144,,,,,12.52,
1521,Indonesian Island Blend,,,,Java,,
1522,FTO Ethiopian,,,,,,
1523,Costa Rica La Rejolla Washed Geisha,,,,Lourdes De Naranjo,,
1524,Bekele Heto Natural Ethiopia,,,,Worka-Sakaro,,
1525,El Salvador El Matazano Pacamara,,,,,,
1526,Ethiopia Guji Mormora Organic Natural,,,,,,
1527,Chelbesa Ethiopia,,,,Chelchele,,
1528,Colombia La Riviera Sudan Rume,,,,,,
1529,Alaka Ethiopia,,,,Hambela Wamena,,
1530,Kona Liberica Champagne Natural,,,,,,
1531,Ethiopia Guji Uraga Tebe Burka Natural G1,Samlin Coffee,,,,,
1532,El Triunfo Mexico,,,,Sierra Madre,,
1533,,Chu Bei,,China,,,
1534,,,,,,17.2,
1535,Out of Africa Blend,,,,,,
1536,Sweet Kenya J36 Espresso,,,,,,
1537,Winter Wonder Blend,,,,,,
1538,Guatemala El Injerto Natural Legendary Gesha 7,,,,,,
1539,Guatemala Finca El General SummerEnd Espresso,,,,,,
1540,Ethiopia Natural Yirgacheffe Adado Feysa Dira,,,,,,
1542,Ethiopia Tamiru Tadesse Natural,Genesis Coffee Lab,,,,23.37,
1543,Puna Arakawa Estate Lactic Natural,,,,Kurtistown,,
1545,Colombia Planadas Tolima,,,,,,
1546,Colombia Java El Eden,,,,,,
1547,Ethiopia Shantawene Natural,,,,,,
1548,Ethiopia Buno Dambi Uddo,,,,,,
1549,Magnolia Blend Espresso,,,,,,
1551,Ethiopia Durato Bombe Natural,,,,,,
1552,SÖT Coffee Roaster Colombia Wush Wush Dynamic Natural,,,,San Augustín,12.1,
1553,Colombia Trujillo Experimental Process,,,,,,
1554,Colombia La Siria Geisha,,,,La Argentina,83.77,
1555,Guatemala Santa Felisa Wild Yeast Natural Gesha,,,,,,
1556,Colombia Granja La Esperanza Las Margaritas Gesha Honey,,,,,,
1557,Tanzania Acacia Hills Gesha Peaberry,,,,,70.55,
1558,Colombia La Palma Y El Tucán Gesha Natural,,,,,,
1559,Peru Yanesha Geisha Washed Anaerobic,,,,,,
1560,,Omine Coffee,,,,,
1561,Ethiopia Yirgacheffe Worka Sakaro Anaerobic,,,,,,
1562,,,,,,39.66,
1564,Ethiopian Sweet Lily,,,,,,
1565,Kenya Gachatha Nyeri,,,,,,
1566,Bolivia Apolo Latin America Microlot,,,,Bolivia,,
1568,Organic 18 Rabbits Honduras,,,,,,
1569,Ethiopia Wate Mini Natural Espresso,T.S.E. Custom Roastery,,,Hambela Dimtu,,
1570,Colombia La Estrella Carbonic Maceration,,,,,,
1571,Ethiopia Sidama Bensa Farmer Tamiru 74158 Natural,,,,,16.28,
1572,Honeydew Costa Rica,,,,San Vito,,
1574,Chiayi Blend,Café Chiayi J11,,,,,
1575,Costa Rica Salazar Black Honey,King's Gambit Coffee,,,Llano Bonito De Narajo,,
1577,,,,,,132.28,
1578,Ethiopia Tamiru Tadesse Anaerobic,,,,,127.87,
1579,,,,,,29.39,
1580,Natural Ka’u Maragogipe,,,,,,
1581,Costa Rica Volcan Azul San Isidro Red Honey,PT’s Coffee Roasting Co.,,,,,
1582,,,,,Bona Zuria,,
1584,Ethiopia Washed Sidama Bensa Bombe,,,,Sidama Region,,
1585,Panama Abu Geisha Lot 6,,,,Cañas Verdes,,
1586,Panama Finca Mi Finquita Geisha Afrodita Natural,,,,Tierras Altas,35.4,
1587,Panama El Burro Estate Natural Gesha,,,,Potrerillo Arriba,39.65,
1588,Panama La Viuda Natural Geisha 4 Hermanos,,,,Jurutungo,,
1589,Philippines Sitio Belis,,,,Benguet,,
1590,Ethiopia Bedessa,,,,,,
1592,Organic Ethiopia Shantawene Natural,,,,,,
1593,Ethiopia Sidama Durato Bombe,,,,,,
1594,Ethiopia Lecho Torka,,,,,,
1595,Guatemala CODECH Women’s Lot,,,,Concepción Huista,,
1596,Ethiopia Hambela Tetsu Process,Mute Roaster,,,,22.53,
1597,Espresso No. 2,El Gran Cafe,,,Alotenango,,
1598,Finca Huixoc Maracaturra,,,,,,
1599,,,,,Cobán,,
1600,Kenya Nyeri AA Hercules,Luv Moshi,,,,,
1601,Proyecto Aurora,,,,,,
1602,Las Moritas Yellow Caturra,,,,El Progresso Department,,
1603,El Pintado Classico,,,,,,
1605,Esperanza Villa Sarchi,,,,,,
1606,Esperanza Bourbon,,,,,,
1609,Hacienda La Esmeralda Montañas 71AS,,,,,,
1610,Ethiopia Nano Genji #5,,,,,,
1611,Ethiopia Yirgacheffe Aramo,,,,,,
1612,Kenya Nyeri Gatomboya,,,,,,
1613,Subrosa Ethiopia Kayon Mountain Organic Natural,,,,,,
1614,Ethiopia Bench Maji Natural Gesha,VERYTIME,,,,,
1615,Ethiopia Aphrodite Washed Espresso,,,,,,
1616,Kona Tropical Punch Washed,,,,,,
1617,Gatomboya Kenya,,,,,,
1618,Ethiopia Banko Gotiti Daniel Mijane,,,,,,
1619,Ka’u Bourbon Champagne Natural,,,,,,
1620,Ethiopia Bedhatu Natural,,,,,,
1621,Ethiopia Bedhatu Washed,,,,,,
1622,Colombia Huila Palmera,,,,Huila Colombia,,
1624,Costa Rica Central Valley Brandy Ball,,,,,,
1626,Panama Mama Cata Geisha Champagne Natural,,,,,,
1627,Ethiopia Yirgacheffe Worka Sakaro,,,,,,
1628,,,,,Al Mashtal Ul Burhani,,
1629,El Socorro Maracaturra,,,,,,
1630,Guatemala Acatenango Gesha,,,,,,
1631,Costa Rica Luis Campos Termico,,,,,,
1632,,Evie’s Cafe,,,,,
1633,Yemen Jabal Nabi Special Reserve,,,,Hayma Dakhiliya Growing Region,12.3,
1634,Kenya Gakuyuini AA,,,,,,
1635,Colombia Manos Juntas,,,,,,
1636,Ethiopia Guji Goro Bedessa,,,,,,
1637,Ethiopia Guji Hambela G1 Kudume Wolicho Honey,,,,,10.4,
1638,Hacienda Esmeralda Ethiopian Accessions,,,,,,
1639,Gelena Geisha,,,,,,
1640,Ethiopia Anaerobic Natural,,,,,,
1641,Silver Monk Seasonal Blend,,,,,,
1642,Doho Classic Blend,Doho Coffee Roasters,,,,4.57,
1643,Holiday Reserve Roast — Costa Rica Termico,Folklore Coffee,,,,,
1644,Rainy Day Espresso Blend,,,,,4.87,
1645,Cold Air Espresso Blend,,,,,,
1646,Winter Day Espresso Blend,,,,,,
1647,Ethiopia Guji Washed G1 Uncle Select Lot 21/01,,,,,,
1648,Medium-Dark Roast,,,,,,
1649,Floral Samurai,Flower Coffee Workshop,,,,,
1650,Classic Blend,,,,,,
1651,Colombia Geisha Natural,,,,,15.41,
1652,Pacas Estate El Salvador Natural,,,,,,
1653,Caribbean Blue,,,,Dondon,,
1654,Colombia Caturra Anaerobic Natural,,,,,11.0,
1655,Cocaine for Coffee,,,,,,
1656,First Love Blend,Fumi Coffee Company,,,,6.0,
1657,Hunapu Natural Guatemala,,,,,,
1659,Ethiopia Natural Sidama TAMIRU 74158,,,,,,
1660,Uganda Organic Sipi Falls Honey,,,,,,
1661,Bedhatu Jibicho Natural,,,,,,
1662,Ethiopia Natural Guji DoReMi,,,,,,
1663,Sabana Redonda SL28 Costa Rica,,,,,,
1665,Ka’u Peaberry Hawai’i,,,,,11.32,
1666,Ethiopia Bench Maji Gesha Village Dimma Illubabor Forest A6 Natural,,,,,,
1667,Sumatra Siamang Forest,,,,Simalungun,,
1668,Spring Dawn,,,,,5.33,
1669,Costa Rica Brunca Rivense La Guaca Passion Honey,,,,Brunca Region,,
1670,Ethiopia Gediyo Yirgacheffe Gedeb Worka Banko Gotiti Natural,,,,,,
1671,Hunkute by Nordic Approach,Cafe Red Bean Shop,,,,,
1672,Colombia Aromas de Sur,,,,,,
1673,,Battlecreek Coffee,,,,,
1674,Schweik’s Blend,,,,,3.95,
1675,Neroli CR90,,,,,14.1,
1676,Sauvage CR 90,,,,,11.28,
1677,Whiskey Dreams Moka Java,,,,,,
1678,Black Level Blend,St1 Cafe/Work Room,,,,10.45,
1679,Obsidian Mirror Blend,,,,,,
1680,704 Blend,,,,,,
1682,New Wave Blend,Succulent Coffee Roasters,,,,,
1683,,Battle Creek Coffee Roasters,,,,,
1684,Mo’ Better Brews Bleek & Indigo Blend,,,,,,
1685,Valkyrie Blend,,,,,3.84,
1686,Karindundu Kenya,,,,,,
1687,Medium Roast,,,,,,
1688,Guatemala Finca Buena Esperanza,,,,,,
1690,Honduras Relationship Coffee Norma Lara,A&E Coffee & Tea,,,Ocotepeque Department,,
1691,Ethiopia Hambela Goro,,,,,,
1692,Sumatra Batak Triple-Picked,,,,,,
1693,Honduras COMSA Natural,,,,,,
1694,Shakiso Natural,,,,,,
1695,Cerro Azul Geisha Honey Process,,,,,,
1696,La Esmeralda Diamond Mountain Washed Coffee,Satur Specialty Coffee,,,,,
1697,Yirgacheffe Specialty Coffee,,,,Konga Village,,
1698,Guatemala Single-Origin Espresso,,,,New Oriente Growing Region,,
1699,COE Sidama Bona 74110,,,,,,
1700,Ethiopia Yirgacheffe Adorsi G1,,,,,,
1701,Tiger Blend Espresso,,,,,,
1702,Gayo Mandheling Specialty Coffee,,,,,,
1704,Karen J Kona Red Bourbon Natural Anaerobic,,,,,,
1705,El Salvador Finca Mileydi Pacamara,,,,Cantón El Tunel,,
1706,El Salvador Las Veraneras Red Bourbon,,,,Apaneca Ilamatepec Mountain Range,,
1707,Guo Mei Zhu,,,,,,
1708,Macarena Colombia,,,,Piendamó,,
1709,Haraaz Red Yemen,,,,,,
1710,Nicaragua Sabino Maria,,,,Jinotega Department,,
1711,Twisted V.7 Espresso,,,,,,
1712,Kaori Espresso Blend,Treeman Coffee,,,,,
1713,Chokoreeto Espresso Blend,,,,,,
1714,El Salvador Anarquia Pacamara,Tipico Coffee,,,,,
1715,,Chaos Coffee Company,,,Tanzania,,
1716,Ethiopia Karamo Natural,,,,,,
1717,Guatemala Reserve Las Moritas Yellow Pacamara,,,,,,
1718,Colombia Sidra Natural Signature Selection,,,,,40.56,
1719,Colombia Finca El Paraiso Geisha Letty,,,,,,
1720,Monarch Estate Pacamara,Monarch Coffee,,,,36.11,
1721,Uluwehi Farm Kona SL34 Yeast-Fermentation Washed Peaberry,,,,,,
1722,Ka’u IPA Natural,,,,,,
1723,Honduras Finca Cerro Azul Yellow Pacas,,,,,,
1724,Ecuador Finca Lugmapata Mejorado,,,,Pallatanga,,
1725,Monarch Estate Hawaiian Gesha,,,,,,
1726,‘Ōpio Kona,,,,,,
1727,Hawai’i Ka’u Classic Dark,,,,,,
1728,Sumatra Boru Batak,,,,Lintongnihuta,,
1729,Honduras Reserve Luis Nolasco Nanolot,,,,,,
1730,Barokah Honey Sumatra,,,,Gunung Tujuh,,
1731,Secret Lovers Blend,Hey Brown,,,,,
1732,,Ba Yang Coffee,,,India,1.13,
1733,Ethiopia Gediyo Kochere Shifo Washed G1,,,,,2.26,
1734,Colombia Finca La Primavera Sidra,,,,,,
1735,Ethiopia Natural Guji Dasaya SP,,,,,,
1736,Ethiopia Anaerobic Shantawene,,,,,,
1737,Ethiopia Bensa Asefa Qonqana,,,,,,
1738,Ethiopia Durato Bombe,,,,,,
1739,Ethiopia Washed Shantawene,,,,,,
1740,Indonesia Sumatra Natural Aceh Musara SC19,,,,,,
1741,Kenya Washed Kabingara AA,,,,,,
1742,Honduras Blue Hole Estate,,,,,,
1743,Honduras Anaerobic Natural,Min Enjoy Cafe,,,,,
1744,Kenya Nyeri Jungle Estate Red Cherry SLD Anaerobic Natural,,,,,,
1745,Democratic Republic of Congo Mighty Peace Mapendo,,,,,,
1746,Lugmapata Ecuador,,,,,,
1747,Red Sunset by Andres Cardona,,,,,,
1748,Costa Rica Los Cedros,Temple Coffee,,,La Piedra De Rivas,,
1749,Kona Bourbon Champagne Natural Uluwehi Farm,,,,,,
1750,Peru Pangoa,,,,Junín Province,,
1751,Guatemala Campamento Alto,,,,Huehuetenengo Department,,
1752,Panama Hacienda La Esmeralda Geisha Washed,,,,,,
1753,Peru Garden of Eden Farcent Geisha Anaerobic Washed,,,,Villa Rica District,22.4,
1754,Pointu Laurina,,,,,29.08,
1755,Ecuador Finca Cruz Loma,,,,San Jose De Minas,115.2,
1756,Aged Sumatra Semiga,,,,,,
1757,Indonesia Sumatra Kerinci Valley,Mostra Coffee,,,Mount Kerinci Highlands,,
1758,Ka’u Classic Dark,,,,,10.05,
1759,Odin’s Viking Brew,,,,,,
1760,Jlove99,,,,,6.98,
1761,Kenya Auction Lot,,,,,,
1762,Dark Canyon,,,,,,
1764,Major Dickason’s Blend,,,,Americas,2.67,
1765,Pike’s Place Blend,,,,Latin America,2.93,
1766,Peru Washed Santa Monica Gesha,,,,Amaybamba,,
1767,Taiwan Washed Alishan Ching-Ye Farm SL34,,,,,,
1768,Ethiopia Guji Odo Shakiso,,,,,,
1769,Colombia Beasaquito,,,,Buesaco,,
1770,Ethiopia Sidamo Karamo,,,,,,
1772,Oahu Triple-Bourbon “Sparkling” Yeast Ferment,,,,Maunawili Growing Region,14.99,
1773,Rayo del Sol Peru,,,,,,
1774,Colombia Ibague Tolima,,,,,,
1775,,,,,Yautepec,,
1776,Ethiopia Guji Buku,,,,Kebele Buku Sayisa,,
1777,Flores Peru,,,,,,
1779,Costa Rica Anaerobic Cordillera de Fuego,,,,,,
1780,Nyakibanda Rwanda,,,,Nyakibanda,,
1781,Guatemala Antigua Pastores,,,,,,
1782,Kenya Karatu,Roadmap Coffeeworks,,Kenya,,,
1783,Kibingo Burundi,,,,,,
1784,Costa Rica Cattleya Anaerobic,,,,,,
1785,Ecuador Taza Dorada Finca Cruz Loma,,,,,123.46,
1786,Minanga Village Sulawesi,,,,,,
1787,Ka‘ū Tropical Punch Washed,,,,Ka‘Ū,,
1788,Kenya Peaberry Top Hill Farm Espresso,,,,,,
1790,Kenya Kamgogo Small Lot Reserve,,,,,,
1791,Ethiopia Belayneh Bariso Natural,Ramshead Coffee Roasters,,,,,
1792,Kuta Kofi Papua New Guinea,,,,Upper Waghi Valley,,
1793,Rwanda Gatare Natural,,,,Western Province,,
1795,Kona SL34 Champagne Natural Uluwehi Farm,,,,,,
1796,,,,,Haraaz,,
1797,Ka‘ū Lactic Natural,,,,,,
1798,Sumatra Yellow Bourbon,,,,Pematang Purba,,
1799,Colombia Finca El Paraiso Castillo Red Plum,,,,,,
1800,Ethiopia Guji Uraga Tebe Burku Natural,Cozy House Coffee,,,,,
1801,British Style Espresso Blend,,,,,,
1802,Ethiopia Yirgacheffe Konga Natural,,,,,,
1803,Costa Rica Brunca Rivense Las Moras Black Honey,,,,Brunca Growing Region,,
1804,Ethiopia Yirgacheffe Hama Washed,,,,,,
1805,Guatemala Antigua Bella Carmona,,,,,,
1806,Rwanda Gatare,,,,,,
1807,Guatemala ASPROCDEGUA Women Producers,Yellow Brick Coffee,,,,,
1808,Costa Rica Naranjo Danilo Salazar Arias,,,,,,
1809,Kenya Kahunyo AA,,,,,,
1810,Honduras COMSA Oscar Omar Alonzo,,,,,,
1811,Rwanda Gasharu Natural,,,,,,
1812,Ethiopia Guji Shakiso G1 Honey,,,,,,
1813,Yemen Haraaz Red Mahal Aqeeq ul Station Natural,,,,Sharqi,,
1814,Brazil Fazenda Samambaia Natural Fermentation Arara,,,,Santo Antônio Do Amparo,,
1815,Brazil Ipanema Premier Cru Gold A49 Cherry,,,,Serra Da Mantiqueira,,
1816,Brazil Natural Veloso Estate,,,,Cerrado Mineiro,,
1817,Sítio Pedra Menina,,,,Alto Caparaó,11.29,
1818,Brazil Sítio Ponte Fazenda Ponte,,,,Chapada Diamantina Region,,
1819,Brazil Red Catuaí Double-Anaerobic,Spix's Cafe,,,,,
1820,Brazil Legender Sitio Taquara Natural,,,,Campestre,,
1821,Brazil Mogiana Aparecid Farm,,,,Mogiana Growing Region,,
1822,Costa Rica Canet Musician Series Bach Raisin Honey,,,,,7.75,
1823,Peru Amazonas Los Santos Geisha Natural,,,,,13.39,
1824,Ethiopia Odola Washed,,,,,,
1825,Colombia Quindio Anaerobic Natural,,,,Quindio Department,,
1827,Philippine Farmer Milled Lot,,,,Atok,,
1828,Colombia Cumbarco Lot 397,,,,,,
1829,Meridiano Ecuador,,,,Quito,,
1830,Malaysia Sabah Honey,,,,,,
1831,Ruby Sweet Lychee,1980 CAFE,,,,,
1832,Fruits Island,,,,,,
1833,Kasasagi,Kasasagi Coffee Roasters,,,,,
1834,Syunmei Espresso Blend,,,,,,
1835,Peru Gesha,,,,Pacaybamba Growing Region,,
1836,Ecuador Loja Hacienda La Papaya Bourbon Sidra 168hr Anaerobic Natural,,,,San Lorenzo,9.35,
1837,Santa Elena Colombia Caturra Natural,Hub Coffee Roasters,,,,,
1838,Decaf Colombia Finca Las Nubes,,,,,,
1839,Nicaragua Selva Negra,,,,,,
1840,Colombia UVI Cochidas,,,,,,
1841,Panama Finca Deborah Afterglow Geisha Natural,,,,Volcán Growing Region,61.66,
1842,Colombia Exótico De Altura,,,,Giraldo,,
1843,Ethiopia Dawencho 74110 Natural Espresso,,,,,,
1844,Kenya Nyeri Yerihar AA Top Lot 21/01,,,,,,
1845,Kenya Washed Kiambu Uklili AB Espresso,,,,,,
1847,Karamo Ethiopia,,,,,,
1848,Ethiopia Natural Shakisso Mormora 74112,,,,,,
1849,Ethiopia Washed Shakisso Mormora 74112,,,,,,
1851,Tang Bohu Espresso Blend,,,,,,
1852,Ethiopia Keramo Natural,Rusty Dog Coffee,,,,,
1853,Costa Rica Los Torres Microlot Black Honey,,,,Rivas District,,
1854,Ethiopia Guracho Natural,,,,,,
1855,Fruit Bomb/Ethiopia Shantewene,,,,,,
1857,Colombia Tres Dragones Natural,,,,,,
1858,Colombia Finca Jardines del Eden Ice Fermentation Natural,,,,,,
1859,Honduras Natural San Vicente Belarmino Contreras Pacas,,,,Santa Barbara Department,,
1860,Chasing Horizon Natural Espresso,,,,,,
1861,Supernatural,,,,,5.42,
1862,Ethiopia Alemaza Natural SOE,Felala Coffee Lab,,,,,
1863,Kona Natural Espresso,,,,,,
1864,Colombia Tres Dragones,,,,,,
1865,Panama Hacienda La Esmeralda Porton 5N49 Gesha Natural,,,,,,
1867,Ethiopia Yirgacheffe Adado,,,,,,
1868,Costa Rica Cordillera de Fuego,,,,,,
1869,Tanzania Mbeya Mimba,,,,Mbozi,,
1870,Costa Rica La Chumeca,,,,,,
1871,Ethiopia Sidamo Yirgalem,,,,,,
1872,Gesha Spirits,,,,,15.71,
1873,Kenya Nyeri Hill Farm AA TOP,Buon Caffe,,,,,
1874,Philippines Sitio Belis 1017,,,,,,
1875,Philippines Sitio Belis 1014,,,,Benguet Province,,
1876,Costa Rica Tarrazu Dota El Diosa Geisha,,,,,,
1877,Ethiopia Gedeb Worka Single Variety 74110 G1,,,,,,
1878,Costa Rica Las Montañas Honey,,,,Tarrazú Growing Region,,
1879,Colombia Finca La Guaca Ají,,,,Pitalito Municipality,,
1880,44˚N 68˚W Bar Harbor,Coffee Hound,,,,,
1881,Panama Finca Santa Teresa,,,,Chiriquí Province,,
1882,Zambia Mafinga Hills Natural,,,,,,
1883,Mexico Altura Natural Water Process Decaf,,,,,,
1884,Area Code 207,,,,,,
1885,Kenya Nyeri Gathaithi,,,,,,
1886,Honduras Marcala,Handlebar Coffee,,,,,
1887,Costa Rica Hacienda Sonora Honey,,,,Carrillos Alto De Poás,,
1888,Ethiopia Shantawane Buncho Honey,The Reverse Orangutan,,,,,
1889,Ethiopia Gigesa Natural,,,,,,
1890,Colombia Huila Finca Villabetuila Anaerobic Honey,,,,,,
1891,Costa Rica Bounty Gesha,Barrington Coffee Roasting Co.,,,Dota,11.6,
1892,Joker,Madness Roastworks,,Malaysia,,8.54,
1893,Tropical Grenade,,,,,,
1894,The Godfather,,,,,,
1895,Panama Static Gesha Natural,,,,,,
1896,Panama La Mula Geisha Washed,,,,,3.39,
1898,Costa Rica San Gabriel SL28 Anaerobic Natural,,,,Mercedes Sur,,
1899,Costa Rica San Gabriel Pina/Canela Anaerobic Honey Espresso,,,,,,
1900,John Co. Train Blend,Dear John Coffee,,,,3.24,
1901,Burundi Kibingo Intenso,,,,,,
1902,Colombia Planadas Ibague,,,,,,
1903,Burundi Kabarore Commune,,,,,,
1904,Ecuador Peñaherrera AAA,,,,Ibarra,,
1905,Quartet Kaffe Blend No.10,,,,,,
1906,Ethiopia Anasora Extended Natural Special Lot,,,,,14.08,
1907,Canet Musician Series Mozart Raisin Honey,Cafe Fugu Roasters,,,,10.08,
1908,Aomori Espresso House Blend,,,,,,
1909,Ethiopia Honey Yirgacheffe Idido G1,,,,,,
1910,Taiwan Natural Alishan Ching-Ye Farm,,,,,,
1911,Dreadnaught Espresso,Trident Coffee,,,,,
1912,Trident Carmo de Minas,,,,,,
1913,Hawaii Ka‘ū Bourbon Anaerobic Natural,,,,Ka‘Ū Growing Region,,
1914,Chelchele Ethiopia,,,,,,
1915,Colombia Antioquia Magico,,,,,,
1916,Honeyed Floral,,,,,,
1917,Karamo Ethiopia Sidama Natural G1,,,,,,
1918,Caramel Rocher,,,,West Valley,,
1919,Costa Rica Hacienda La Minita,,,,Los Santos,,
1920,Rwanda Karambi Station Natural,,,,,,
1921,Lone Peak Cafe Series Blend,,,,,,
1922,El Salvador Aida Batlle La Florida Natural,,,,Apaneca-Ilamatepec Growing Region,5.48,
1923,Colombia Geisha Cordillera,,,,,,
1924,Ethiopia Raro Boda,,,,,,
1925,Bean Series Ethiopia Guji Raro,,,,,,
1926,El Salvador Monte Verde,,,,Monte Verde,,
1927,Colombia Laboyano,,,,Pitalito Growing Region,,
1929,Sumatra Takengon Gayo Natural,,,,,4.74,
1930,Ethiopia Djimma Gera Anaerobic,,,,Djimmah,,
1931,Colombia Los Pinos Robeiro Sarmiento,,,,,,
1932,Vietnam Cau Dat Mercafe Lotus,,,,Cau Dat,,
1933,Nano Genji #7,,,,,,
1934,Panama Auromar Camilina Geisha Natural,,,,,,
1935,Tio Conejo Colombia,,,,Vereda Santa Rita,,
1936,Panama Auromar Ironman Geisha Washed Process,,,,,,
1937,Cruz Loma,,,,San José De Minas,,
1938,Dancing Tiger,Desolate Café,,,,,
1939,Ethiopia Bidimoo Chelelektu Natural,,,,,,
1940,Rider Blend,,,,,,
1941,Dark Texas Twist,Brand 425,,,,,
1942,Panama Hacienda La Esmeralda Super Mario Geisha Yeast Washed,,,,,2.36,
1943,Peru,,,,Cusco Province,,
1944,San Jose Mexico,,,,Coatepec,,
1947,Nicaragua La Bastilla Estate Anaerobic,,,,,,
1948,Ethiopia Worka Sakaro,,,,,,
1951,Colombia Don Ruiz Anaerobic,,,,,,
1952,,,,,La Union,,
1953,Peru Walther Acuna,,,,La Coipa,,
1954,Sumatra Aceh Gayo Mountain Musara Honey Process,,,,,5.65,
1955,Ethiopia Guji Hambela Buku Saysa Natural Process,,,,,6.07,
1956,,Per’la Specialty Roasters,,,,,
1957,Papua New Guinea Timuza Organic,,,,,,
1958,,Cup to Cup Coffee Roasters,,,Kochere District,,
1959,Ethiopia Botabaa,,,,,,
1960,,Fieldheads Coffee Roasting,,,Mirado Village,,
1961,,,,,Bombe Village,,
1962,Papua New Guinea Baroida Estate Natural,,,,,,
1963,Mexico Ozolotepec,,,,,,
1964,Mexico Nyarita Canela,,,,Nyarita,6.3,
1965,Mexico La Cañada Oaxaca Organic,,,,La Cañada,,
1966,,Water Street Coffee,,,,4.91,
1967,Gachatha Kenya,,,,Karundu,,
1968,Geisha Spirit,,,,,11.61,
1969,Colombia Sudan Rume,,,,,,
1970,El Duende Peru,,,,Huarango,,
1971,Conejo Añejo,,,,Dominican Republic,,
1972,Colombian Anaerobic,,,,,,
1973,Haitian Hound Haitian Blue Dark Roast,,,,Cap Haitien,,
1974,Sweet Waves Espresso,Kona View Coffee,,,,10.14,
1975,Rwanda Agasaro,,,,,,
1976,Ethiopia Yirgacheffe G1 Idido Natural,,,,,,
1977,Colombia Pink Bourbon Filadelfia,,,,,9.17,
1978,Taiwan BA LU NA,inLove Cafe,,,Pingtung,12.63,
1979,Ethiopia Washed Botabaa G1 Lot.22/01,Muka Coffee,,,,,
1983,,,,,Thailand,,
1984,,,,,,10.43,
1985,Ecuador Pichincha Finca Flora,Chousin Coffee Collection,,,,,
1986,Vietnam Robusta Carbonic Maceration,,,,Lam Dong Province,,
1987,Kenya Nyeri Maganjo AB,,,,,,
1988,Kona Noir,,,,,,
1989,Kona Red Bourbon,,,,,17.28,
1990,Kenya Washed Nyeri Hill Farm AA Top,,,,,,
1991,,,,,,7.5,
1992,Ethiopia Natural Sidama Abebe 74110,,,,,,
1993,Ethiopia Natural Guji TAMIRU 74158 Kakalove Lot,,,,,,
1994,Rwanda Sholi Natural Single-Origin Espresso,,,,Muhanga,,
1995,Guatemala Washed Finca El General Lot SummerEnd Espresso,,,,,,
1996,Guatemala Washed Acatenango Finca El General Pacamara Espresso,,,,,,
1998,Finca Cerro Azul Aces Lot,,,,Guerrero State,14.22,
1999,Mexico Maya Vinic,,,,Los Altos,,
2000,Chiapas Chimhucum Semi-Washed,,,,,3.74,
2001,Mexico Chiapas Las Margaritas Pache Natural,,,,Las Margaritas,,
2002,Capitan Maragogype,,,,,,
2003,Kenya Gichithaini AA,Vivid Coffee,,,,,
2004,Colombia Cerro Azul Enano,,,,,,
2005,Peru Incahuasi,Press Coffee,,,Cusco Region,,
2006,Colombia Aponte’s Guardians,,,,,,
2007,Nicaragua Flor de Dalia Natural,,,,La Dalia,,
2008,Ethiopia Bench Maji Geisha G1 Natural,,,,,,
2010,Ethiopia Guji Uraga More Floral Kudume Washed,,,,,,
2011,Ethiopia Guji Uraga More Floral Kudume Natural,,,,,,
2012,Kenya Nyeri Hill,,,,,,
2013,Kenya AA TOP Nairobi Rose,,,,,,
2014,Worry Free Espresso,,,,,,
2015,Purple Tipsy Night,,,,,,
2016,Kahiko,,,,,21.14,
2017,Kenya Ndumberi Peaberry,,,,,,
2018,Taiwan Alishan Espresso Pacamara Natural,,,,Alishan Township,,
2019,Ethiopia Gera Reserve Anaerobic Natural,,,,Djimma Growing Region,6.88,
2020,Kenya Ngaita Peaberry,,,,,,
2021,Ka‘ū Champagne Natural Half-Caf,,,,,,
2022,Ethiopia Natural Guji Uraga Tome 74110 Lot K06,,,,,,
2023,Honduras Washed Amucap Espresso,,,,Masaguara,,
2024,Ethiopia Biloya Washed G1,Golin Coffee Roasters,,,,,
2025,Ethiopia Birbisakela Washed G1,,,,,,
2026,Ethiopia Sidamo Bensa Washed G1,,,,,,
2027,Costa Rica La Toboba Red Honey,,,,Tarrazú,,
2029,Colombia Jardines del Eden Pink Bourbon Wine Yeast Honey,The Angry Roaster,,,Pijao,9.0,
2030,Kenya AA,AKA Coffee Roasters,,,,,
2031,Ethiopia Bekele Heto Natural,Bassline Coffee,,,,7.41,
2032,Kenya Karindundu AB,Blanchard's Coffee,,,,,
2033,Kenya Ichuga AA,ILSE Coffee Roasters,,,,,
2034,Costa Rica Canet Raisin Honey,Rest Coffee Roasters,,New Taiwan,,9.46,
2035,Birhanu Sisters’ Ethiopia,Swelter Coffee,,,,,
2036,Bat Country Dark Roast Ethiopia,Sightseer Coffee,,,,,
2037,Ethiopia Getu Kurume Natural,,,,,,
2038,Taste Bud Travel Blend Espresso,,,,,3.88,
2039,Fruit of the Goddess Espresso Blend,,,,,,
2040,Papua New Guinea Wahgi Valley Sigri Estate Peaberry,,,,,,
2041,Kenya Nyeri Asali Peaberry,,,,,,
2042,Ethiopia Gera Estate Anaerobic Natural,,,,,,
2043,Cattleya Blend,Bargain Cafe,,,,8.31,
2044,Ethiopia Natural Guji Morel Floral Kudume,,,,,,
2045,Colombia Cauca Finca El Paraiso Rose Tea,Rubasse Coffee Roaster,,,,11.95,
2046,Symphony Costa Rica Canet Caturra Raisin Honey,Chiming Coffee,,,,,
2047,Goddess Costa Rica Dota Tarrazu Geisha Natural,,,,,,
2048,Colombia Cauca Finca El Paraiso Double-Anaerobic Flor Lychee,JYL Cafe,,,,,
2049,Costa Rica Canet Musician Mozart,Balmy Day Coffee Office,,,,9.04,
2050,Memories of Autumn,,,,,,
2051,Colombia El Paraiso Floral Lychee,Dr. Young Cafe,,,,,
2052,Open Country Cafe Series,,,,,,
2053,Backwoods Espresso,,,,,,
2054,Costa Rica Cerro Dragon Geisha Honey,,,,,,
2055,Guatemala Washed El Injerto EI05 Mocca,,,,,,
2056,Taiwan Natural Alishan Zhuo-Wu Geisha,,,,,1.36,
2061,Colombia Castillo Fruit Maceration Series (Passionfruit),,,,Armenia,,
2062,Colombia Castillo Fruit Maceration Series (Grape),,,,,,
2063,Colombia Castillo Fruit Maceration Series (Strawberry),,,,,,
2064,Balearic Beans,,,,,,
2065,Colombia Castillo Fruit Maceration Series (Peach),,,,,,
2067,Full Moon Espresso,,,,,,
2068,World 2.0 Espresso Blend,Euphora,,,,,
2069,Ethiopia Sidama Tamiru Tadesse Anaerobic Natural Special Auction Lot,,,,,,
2070,Guatemala Finca Las Victorias Anaerobic Natural,,,,,,
2071,Colombia La Esperanza 100% Geisha Hanashaku,,,,,,
2072,Kona Extra Fancy,San Francisco Bay Coffee Company,,,,,
2073,Costa Rica Las Lajas Perla Negra,Durango Coffee Companuy,,,,,
2074,Ecuador COE 1st place Arashi Typica Mejorado Washed,,,,Saraguro,,
2075,Burundi Natural Anaerobic Kibingo,,,,,,
2076,Peru Gesha Limited-Release Homer Alarcón Gayoso,,,,,,
2077,,,,,,12.93,
2078,Guatemala Tojquia,,,,Tojquia,,
2079,Guatemala Don Angel,,,,,,
2080,El Salvador La Lagunita,,,,,,
2081,El Salvador Finca Santa Elena El Corzo Pacamara,,,,,,
2082,Panama Mama Cata Typica,,,,,,
2083,Guatemala Valentón,,,,Villa Canales,,
2084,Costa Rica Finca San Luis,,,,,,
2085,Colombia Finca Samboni Gesha Anaerobic Natural,,,,,,
2086,,,,,,8.11,
2087,Rwanda Cyesha Natural,,,,,,
2088,Ethiopia Guji Hambela Wate Natural G1,,,,,,
2089,Tinamit Tolimán,,,,San Lucas Tolimán,,
2090,Finca Patzibir,,,,Lake Atitlán Growing Region,,
2092,Finca El Potrero,,,,,,
2093,Chacayá Santiago Atitlán,,,,,,
2094,Espresso No. 3,,,,,,
